,userID,itemID,rating
533,A1TFZVGT6J5NYZ,B0058YEJ5K,5
864,AVHVZJ5HB6FSK,B0058YEJ5K,4
2600,AG1CF6PFNBOQH,B010RRWKT4,5
2409,A3KKVVAINMZF9D,B010RRWKT4,5
2501,A1OK7HI3YI9682,B010RRWKT4,5
2535,AXJZFD1IUBAE7,B010RRWKT4,5
2246,AZ7P3NH09B66S,B005AGO4LU,5
903,AHXQ0PAMEKC0P,B0014F7B98,4
693,AASAT3YLO3WTB,B0058YEJ5K,5
1057,A3S1CGGMXE41RR,B0014F7B98,5
637,A3LGYYLGO2KJOE,B0058YEJ5K,5
2064,A312BTXKFHK927,B005AGO4LU,5
680,A2ZE58RF22658T,B0058YEJ5K,5
1954,A1SC6HVU28ND3D,B0092UF54A,5
2329,AT5OQFDS6PEE1,B005AGO4LU,5
1228,A2TRI54C8EMCX,B0014F7B98,5
1518,ATSUXY7ASCGPY,B009MA34NY,4
1075,AY9TXNLYCD9L5,B0014F7B98,5
221,AERFS3FMQJJ9L,B001IKJOLW,3
543,AHQZL3LSIR57E,B0058YEJ5K,5
1364,A177WB7O660HS8,B009MA34NY,5
2867,AP8CWOZ30P4GH,B014IBJKNO,1
727,A1ZR8LQHUOUFJP,B0058YEJ5K,3
1200,A34WSGSH5OBAM2,B0014F7B98,5
2804,A13W5DGU9QF721,B014IBJKNO,5
1576,A2X2KP4XXM06OU,B009MA34NY,5
2802,A3E05IUHHCTRJC,B014IBJKNO,5
831,A3R2PQ01UGPDOX,B0058YEJ5K,5
940,A22FYN2DKXSWS0,B0014F7B98,3
1511,A2VMKNYTJ973O3,B009MA34NY,4
2619,AODFGQL9CC7G7,B010RRWKT4,3
2269,A3CXL2P49AQQRH,B005AGO4LU,5
272,A39U1R8S96YIR4,B001IKJOLW,5
521,A3ONF0JD2UBP54,B0058YEJ5K,5
522,A3NAUSUOBMW1XH,B0058YEJ5K,3
1714,ABONZZSS8YG3K,B0092UF54A,5
2928,AI4KO5XDRKDFR,B014IBJKNO,5
1055,A135KOM855ZA5,B0014F7B98,5
350,ADLAYE3PNYFJM,B001IKJOLW,5
2732,AG8MPE8CQAPM7,B010RRWKT4,4
1868,A29KOO6WMPLGOQ,B0092UF54A,5
2457,A2PYQN4T4LV0NP,B010RRWKT4,5
651,A1LCV2UNXGHB0W,B0058YEJ5K,5
1945,A2X2KP4XXM06OU,B0092UF54A,5
2249,A1DF4MM3K93J0W,B005AGO4LU,4
2746,A3P1MRTMU7EH0D,B014IBJKNO,4
3075,A36XF6818PQ4DJ,B014IBJKNO,5
1251,A2EGVPBTNJI3HB,B009MA34NY,5
3171,A2077NII5H62R2,B005AGO4LU,5
1235,A3R09ZAUTB2PUU,B009MA34NY,5
168,A353OJ19SEMPT4,B001IKJOLW,3
2655,A2VMKNYTJ973O3,B010RRWKT4,4
2397,A3P9DECTULU1B3,B010RRWKT4,5
862,A1SC6HVU28ND3D,B0058YEJ5K,5
942,A3OP70LPLALBKN,B0014F7B98,5
857,A2G9JO5SZ3GUXH,B0058YEJ5K,5
2484,A2W3B4YHP3HZ9R,B010RRWKT4,5
1587,AVHVZJ5HB6FSK,B009MA34NY,4
2595,A2AAABWQUYH26V,B010RRWKT4,4
1397,A3W0GO31B8Y2KE,B009MA34NY,5
2372,ATS6HOUGOVX0D,B010RRWKT4,5
219,A1DX2WRQ2ZHAEK,B001IKJOLW,5
367,A2NBGWZH3VC2EW,B001IKJOLW,5
1936,A3LJ4LLR2UX4CB,B0092UF54A,5
2315,A2X2KP4XXM06OU,B005AGO4LU,5
2417,A6CXK8NXD50R2,B010RRWKT4,1
2271,AD7ZF3D5JH9HL,B005AGO4LU,5
1480,A1IE5BGNY2JTF4,B009MA34NY,2
351,AZ7LUSY20ZFSC,B001IKJOLW,5
1114,A3BZKR332FQEP8,B0014F7B98,5
2243,AEHOCC2S72M38,B005AGO4LU,5
2008,AJ74ZOS1UKOBA,B005AGO4LU,5
490,A2X2KP4XXM06OU,B001IKJOLW,5
2847,AJX8JEGB4Z8AI,B014IBJKNO,5
2513,A23H50RT6SLXY9,B010RRWKT4,4
498,A22WG2NE4D47UM,B001IKJOLW,5
3072,A3R2PQ01UGPDOX,B014IBJKNO,5
210,A174EEWMHB3J8N,B001IKJOLW,5
926,AC5PPX3XLCZN1,B0014F7B98,5
2889,AN5PL4KUZS35E,B014IBJKNO,5
650,A87LWEOT3ZJU7,B0058YEJ5K,5
227,A2PYQN4T4LV0NP,B001IKJOLW,5
365,A2AAABWQUYH26V,B001IKJOLW,4
2839,A10Z8PKPUJ7YHO,B014IBJKNO,3
276,A9KR8PT0Z47CL,B001IKJOLW,3
2117,AXZ02W7FMBC35,B005AGO4LU,5
1204,AIP4C9MG13COB,B0014F7B98,5
759,A3BZKR332FQEP8,B0058YEJ5K,5
1451,A2AAABWQUYH26V,B009MA34NY,4
2045,A2PWOO618R3IKJ,B005AGO4LU,5
407,A11D8CLU9H24YK,B001IKJOLW,5
3124,A2YIR9LKJO8W37,B001IKJOLW,5
2114,A3O0UBMD8CSF1V,B005AGO4LU,5
2476,A2M3ZNLCYPZ5A1,B010RRWKT4,3
874,A1D6THAJG4XGSP,B0014F7B98,5
736,A37K0VP2H8FKOU,B0058YEJ5K,4
2550,A10WPKF2VH1JWY,B010RRWKT4,4
772,A1LLX8PMQSAUHT,B0058YEJ5K,5
7,A3W11493KS6Z2L,B000K2PJ4K,5
838,A3IO5BLF4EPZDR,B0058YEJ5K,3
1618,A1VH37JYIIHE3F,B0092UF54A,5
964,A2M3ZNLCYPZ5A1,B0014F7B98,3
415,A1IR4GED6BXNSR,B001IKJOLW,5
2375,A1DHIMM5SZGIIL,B010RRWKT4,5
2046,AERFS3FMQJJ9L,B005AGO4LU,3
1488,AOYR5V85UYA8O,B009MA34NY,5
3064,AIIPH3GX5LWS0,B014IBJKNO,4
199,A2QRWCN5YR05G9,B001IKJOLW,5
1100,A1EE1EP2G0HKQ,B0014F7B98,5
1133,A1IR4GED6BXNSR,B0014F7B98,5
283,A23H50RT6SLXY9,B001IKJOLW,4
231,A3PZ1TJ71WPLXV,B001IKJOLW,4
1253,A3P9DECTULU1B3,B009MA34NY,5
1097,A3PRZ9ESGB2KPU,B0014F7B98,5
96,A3T8NHQYBQSV1X,B000YFSR5G,3
2925,A2ABEGA0S52R5E,B014IBJKNO,4
2722,A2P87PVYP2KLT6,B010RRWKT4,4
1569,A2QJWHL4HY9FMF,B009MA34NY,3
1352,A2GWLCDWM7V59I,B009MA34NY,4
1220,AG8MPE8CQAPM7,B0014F7B98,4
1047,A3D71DQPAAI6O4,B0014F7B98,5
3031,A3G2IEH99QRNYP,B014IBJKNO,5
2740,A1WVSBL8J4ZESK,B014IBJKNO,5
1588,AG8MPE8CQAPM7,B009MA34NY,4
1557,A36XF6818PQ4DJ,B009MA34NY,5
104,ABX2R8Q6GBTJ8,B000YFSR5G,2
2783,A21PLUMLST80EK,B014IBJKNO,5
1188,A2UE1H1A7NH56P,B0014F7B98,5
2944,A3B4FM5VE99X4P,B014IBJKNO,5
2900,A1GQ2TRY8J631M,B014IBJKNO,5
1532,AD7ZF3D5JH9HL,B009MA34NY,5
2185,A3A2DRPMDCRFBC,B005AGO4LU,5
2748,A12AWD9L3DD93E,B014IBJKNO,5
2601,A1LLDHUO4OLXYI,B010RRWKT4,5
744,A6BHQ6FNIRI1K,B0058YEJ5K,5
226,A1BN6I0B2OF7WB,B001IKJOLW,1
3002,A8DR2Z71DERN0,B014IBJKNO,1
1307,AERFS3FMQJJ9L,B009MA34NY,3
1840,ABWHIDHK8JSRD,B0092UF54A,4
2439,A3U0BBRU2Q85LE,B010RRWKT4,3
1727,A39U1R8S96YIR4,B0092UF54A,5
1789,A14TS9PCRLLWEG,B0092UF54A,5
1869,A3LWEZO2OWFJX5,B0092UF54A,5
812,A1X1ZJUOWLSFPG,B0058YEJ5K,5
2892,A1LCV2UNXGHB0W,B014IBJKNO,5
811,A3GJ2XW7W3VC5L,B0058YEJ5K,5
2069,AKG96VVJ8XANP,B005AGO4LU,3
1225,A3UMNRR89DIZRM,B0014F7B98,4
1713,ANPPQ1G3RP88H,B0092UF54A,5
2808,A3VGHF7VNFBMCQ,B014IBJKNO,5
3162,A1DHIMM5SZGIIL,B0092UF54A,5
3139,A2N97FVE233YZ4,B0058YEJ5K,5
464,A2MIBT81MX859C,B001IKJOLW,5
1313,A2PYQN4T4LV0NP,B009MA34NY,5
2316,A15DWAOMHKY7F2,B005AGO4LU,5
1103,ABWHIDHK8JSRD,B0014F7B98,4
1446,A3A2DRPMDCRFBC,B009MA34NY,5
2602,A37K0VP2H8FKOU,B010RRWKT4,4
2495,A5Z3UGOPDBJPW,B010RRWKT4,5
1797,AFD4WKNPLPS3I,B0092UF54A,5
1080,A2KMWD77XBGZ8K,B0014F7B98,5
212,A1FQAVH5JBSV6A,B001IKJOLW,5
12,A265UZVOZWTTXQ,B000KPIHQ4,5
3104,AJDH2WVLX79KA,B014IBJKNO,5
422,A37OEAOYVLKYC,B001IKJOLW,5
2416,A2P6I9PGAVEW6E,B010RRWKT4,5
2159,A14TS9PCRLLWEG,B005AGO4LU,5
1074,A2K5ZBX75J80TX,B0014F7B98,1
2983,A3PRZ9ESGB2KPU,B014IBJKNO,5
741,A2A1WECA7Y5UPN,B0058YEJ5K,4
3016,A2JMHGCCBZPYP4,B014IBJKNO,5
1766,A3W0GO31B8Y2KE,B0092UF54A,5
1558,A2SF88GW3AWEFK,B009MA34NY,3
2547,A2ZE58RF22658T,B010RRWKT4,5
1455,A2O3GSYI4B5Z9H,B009MA34NY,5
1811,A2K5ZBX75J80TX,B0092UF54A,1
509,A26TEJJ6YOGWMZ,B001LNSY2Q,2
644,A1OFFB5DLIHH41,B0058YEJ5K,5
597,A10Z8PKPUJ7YHO,B0058YEJ5K,3
3136,A39LISAY8SNHM,B0058YEJ5K,5
1178,AIIPH3GX5LWS0,B0014F7B98,4
2507,A1AUEUD7NP1LUC,B010RRWKT4,5
1268,AJ74ZOS1UKOBA,B009MA34NY,5
2800,AUE82PKEUMKZB,B014IBJKNO,1
518,A2GJUMX0CRHLIN,B0058YEJ5K,2
1398,A3GQXGVAIH5EU4,B009MA34NY,5
2591,A140XVPLRQYKYY,B010RRWKT4,4
573,A174EEWMHB3J8N,B0058YEJ5K,5
3099,A14NH559TEDFQL,B014IBJKNO,5
2887,A23H50RT6SLXY9,B014IBJKNO,4
2215,A13P82MG3XFWV1,B005AGO4LU,5
2357,A1NCY0KWVFW829,B00RLSCLJM,5
2273,A3GJ2XW7W3VC5L,B005AGO4LU,5
1487,A2AXI9WHORKU6X,B009MA34NY,5
1614,A2YIR9LKJO8W37,B0092UF54A,5
123,A3T8NHQYBQSV1X,B000YFSR4W,3
2958,A3EOYFVP68048C,B014IBJKNO,5
2948,AT72GRKOXVE25,B014IBJKNO,5
220,A2PWOO618R3IKJ,B001IKJOLW,5
819,A218T4MO2D9DF3,B0058YEJ5K,5
3077,AIM9MWMG87AWG,B014IBJKNO,5
358,A9MOCNHJD03PI,B001IKJOLW,5
1538,A2JYB3OMH5QEBV,B009MA34NY,4
2851,A2M3ZNLCYPZ5A1,B014IBJKNO,3
2020,AUE82PKEUMKZB,B005AGO4LU,1
1825,AG1CF6PFNBOQH,B0092UF54A,5
1726,A1OK7HI3YI9682,B0092UF54A,5
259,ABONZZSS8YG3K,B001IKJOLW,5
2936,A21SV1XYXF2GK,B014IBJKNO,4
3155,A1GTC5EVSJNCQ8,B009MA34NY,5
1011,A29K85C92Z8HGR,B0014F7B98,4
2536,A3UO0DDWXIJ8DW,B010RRWKT4,5
1113,A1F6LKEC43RSZM,B0014F7B98,5
1123,A3KWGJH9EBRLE8,B0014F7B98,4
2551,A2ABEGA0S52R5E,B010RRWKT4,4
1261,A3RHNGQAZWUX01,B009MA34NY,5
3160,ASECGGNQIT2RN,B009MA34NY,5
990,A39U1R8S96YIR4,B0014F7B98,5
2878,A3LGYYLGO2KJOE,B014IBJKNO,5
2467,A3JPU96NVWGUF5,B010RRWKT4,4
456,A218T4MO2D9DF3,B001IKJOLW,5
462,A11JLWK8H96AU,B001IKJOLW,5
2362,A3LJRA2I5F34W5,B00RLSCLJM,5
1356,A2Y2IKO63FNHQE,B009MA34NY,3
3127,A1OWUKMLTHKYG,B001IKJOLW,5
1436,ADLAYE3PNYFJM,B009MA34NY,5
381,A6BHQ6FNIRI1K,B001IKJOLW,5
2963,AEUUYBIO73RLA,B014IBJKNO,5
2134,A9C9408H23DRM,B005AGO4LU,5
2154,A3D71DQPAAI6O4,B005AGO4LU,5
869,A3ONF0JD2UBP54,B0014F7B98,5
2285,AIIPH3GX5LWS0,B005AGO4LU,4
3163,A2077NII5H62R2,B0092UF54A,5
1577,A15DWAOMHKY7F2,B009MA34NY,5
2831,A1BN6I0B2OF7WB,B014IBJKNO,1
59,A3T8NHQYBQSV1X,B000YFSR4W,3
2384,A39LISAY8SNHM,B010RRWKT4,5
2881,A1AUEUD7NP1LUC,B014IBJKNO,5
2768,A1VH37JYIIHE3F,B014IBJKNO,5
3175,A135SGOQMVWABQ,B005AGO4LU,5
2841,A10X6EMVZGVX9E,B014IBJKNO,5
2503,A1Z37N7XE7FRD2,B010RRWKT4,5
2429,A2QRWCN5YR05G9,B010RRWKT4,5
1255,A1CIQ2ULKB933A,B009MA34NY,3
657,AE6W48FPMKO4L,B0058YEJ5K,3
1334,A246RG8KSPK5XS,B009MA34NY,5
845,A34WSGSH5OBAM2,B0058YEJ5K,5
542,A3KKVVAINMZF9D,B0058YEJ5K,5
897,A3KKVVAINMZF9D,B0014F7B98,5
1426,A3B4FM5VE99X4P,B009MA34NY,5
1330,AKG96VVJ8XANP,B009MA34NY,3
1999,A1S4O68F0UG4GA,B005AGO4LU,5
1399,A14LVJDMDABMML,B009MA34NY,5
944,A1BN6I0B2OF7WB,B0014F7B98,1
2566,A1K0VEMIB5QF7I,B010RRWKT4,5
1684,A35U6TP5276HMD,B0092UF54A,5
2862,ANPPQ1G3RP88H,B014IBJKNO,5
2717,A1X1DXP9HGXG27,B010RRWKT4,5
3063,AMDBCZOTA9PVG,B014IBJKNO,5
2268,A6IYTCB1PQ6NR,B005AGO4LU,3
1456,AG1CF6PFNBOQH,B009MA34NY,5
2828,A22FYN2DKXSWS0,B014IBJKNO,3
1902,A2HL6AXS8GU07F,B0092UF54A,5
2667,A1EWNWTJPKEO4Z,B010RRWKT4,5
2206,A6BHQ6FNIRI1K,B005AGO4LU,5
435,A3DIMXA53RL7P,B001IKJOLW,5
1034,A12FBA7DCFE5W7,B0014F7B98,5
237,A3JPU96NVWGUF5,B001IKJOLW,4
912,AUE82PKEUMKZB,B0014F7B98,1
1590,AT5OQFDS6PEE1,B009MA34NY,5
109,A3E30OLSMGJEVK,B000YFSR5G,5
2084,ABONZZSS8YG3K,B005AGO4LU,5
781,AEHOCC2S72M38,B0058YEJ5K,5
2183,A9MOCNHJD03PI,B005AGO4LU,5
163,AOZHQ15OKY2ZT,B001IKJOLW,3
288,A1LCV2UNXGHB0W,B001IKJOLW,5
1179,ASOSP4VAUDB7I,B0014F7B98,4
252,A3V6I3EA3X3SCE,B001IKJOLW,5
1134,A9MNC403IAKFS,B0014F7B98,2
2431,A5JF4EQ9MQC78,B010RRWKT4,5
1767,A3GQXGVAIH5EU4,B0092UF54A,5
767,A1WK3VVSUB1FY7,B0058YEJ5K,5
787,A1DF4MM3K93J0W,B0058YEJ5K,4
2575,A2AEJ9NTLWD61V,B010RRWKT4,5
1503,ASEXDKPTYY14D,B009MA34NY,5
1292,ACZAPPQ95QM86,B009MA34NY,5
1089,A1LLDHUO4OLXYI,B0014F7B98,5
969,AQWZQKD0N851T,B0014F7B98,5
1580,A2G9JO5SZ3GUXH,B009MA34NY,5
2475,A34LYR4FWZ77CA,B010RRWKT4,5
1135,ASEXDKPTYY14D,B0014F7B98,5
2634,A1WK3VVSUB1FY7,B010RRWKT4,5
2990,ADUWEIS0CHJV8,B014IBJKNO,4
2555,A24DSR6Y3A08QM,B010RRWKT4,5
847,AXVYVUK058AM3,B0058YEJ5K,5
1036,AT7UEQ7UJB0RU,B0014F7B98,5
2543,A14LVJDMDABMML,B010RRWKT4,5
461,ASOSP4VAUDB7I,B001IKJOLW,4
1017,A2PJ5F6BY1TZNK,B0014F7B98,5
2309,AXVYVUK058AM3,B005AGO4LU,5
157,A2GJUMX0CRHLIN,B001IKJOLW,2
802,A2FCRNY9C46Q4H,B0058YEJ5K,5
2542,A3GQXGVAIH5EU4,B010RRWKT4,5
2419,A2RZ3T3ECENTMO,B010RRWKT4,5
677,AJWKZNI5VHW86,B0058YEJ5K,4
2630,A34NDY5V71MVJ6,B010RRWKT4,5
1044,A1E4Y7BABMEA03,B0014F7B98,5
238,A2620Z0QR2OFYC,B001IKJOLW,5
1241,A1A8RABZPTD7HL,B009MA34NY,3
1907,A2JYB3OMH5QEBV,B0092UF54A,4
243,A2HMEEX4K9UX81,B001IKJOLW,5
100,A1G0HYMR02WM2W,B000YFSR5G,3
315,A3J4XAGMLTHFHZ,B001IKJOLW,3
1032,AJWKZNI5VHW86,B0014F7B98,4
1173,AZ3KLARHNWMNZ,B0014F7B98,5
1739,APWLFTPOXQCCG,B0092UF54A,5
2794,A39943Z2419XIU,B014IBJKNO,5
1071,A3T1O294HJJTUH,B0014F7B98,4
261,A1NTI9B7VY30JM,B001IKJOLW,5
3103,A1SC6HVU28ND3D,B014IBJKNO,5
2448,A1LKTJ6HKH077C,B010RRWKT4,5
195,A2UVALXRJ35D1A,B001IKJOLW,2
2009,A3UTTXFSBNV2V7,B005AGO4LU,5
2817,A1VXFXHDY4SRI5,B014IBJKNO,5
1965,A2TRI54C8EMCX,B0092UF54A,5
179,A3KKVVAINMZF9D,B001IKJOLW,5
834,A36XF6818PQ4DJ,B0058YEJ5K,5
842,AS378UOMHULXO,B0058YEJ5K,5
2459,A35U6TP5276HMD,B010RRWKT4,5
1608,A1T708NWV60HSO,B0092UF54A,5
2509,A38BS1VCQ4XSGV,B010RRWKT4,5
340,A3B4FM5VE99X4P,B001IKJOLW,5
2345,A33GD4H5O1MK6S,B00GKF5BAS,4
2312,A1X1DXP9HGXG27,B005AGO4LU,5
748,ABWHIDHK8JSRD,B0058YEJ5K,4
1211,A1OOBIVO3APP7E,B0014F7B98,5
662,A2PJ5F6BY1TZNK,B0058YEJ5K,5
480,A3QX1A6IPFQTN9,B001IKJOLW,5
803,AJWSFNS4F87M6,B0058YEJ5K,3
2272,A2HL6AXS8GU07F,B005AGO4LU,5
2669,A2FCRNY9C46Q4H,B010RRWKT4,5
1913,A3SM5XENOINDNH,B0092UF54A,1
2581,AZ7LUSY20ZFSC,B010RRWKT4,5
549,A2P6I9PGAVEW6E,B0058YEJ5K,5
1283,A3RNGBSBRJ3YAQ,B009MA34NY,5
783,A3PTZ7IHGU9BA8,B0058YEJ5K,1
2872,A2R0RL0TF6E9VC,B014IBJKNO,5
2091,A2GWLCDWM7V59I,B005AGO4LU,4
742,A3PRZ9ESGB2KPU,B0058YEJ5K,5
2782,A2ILUTAAPPZY79,B014IBJKNO,5
2515,AN5PL4KUZS35E,B010RRWKT4,5
1933,A2GXUQFUWMZ2FH,B0092UF54A,5
965,AQAY0P6DQAWDL,B0014F7B98,5
1498,A2JMHGCCBZPYP4,B009MA34NY,5
3029,A2VMKNYTJ973O3,B014IBJKNO,4
2103,A177WB7O660HS8,B005AGO4LU,5
1022,A1OM5S4Z9J2JQQ,B0014F7B98,3
2254,ACDIEMICS7XGC,B005AGO4LU,5
3020,A9MNC403IAKFS,B014IBJKNO,2
247,AQAY0P6DQAWDL,B001IKJOLW,5
871,A3P1MRTMU7EH0D,B0014F7B98,4
1244,A2YIR9LKJO8W37,B009MA34NY,5
1041,A1P2JWDZ4SFW78,B0014F7B98,5
1278,A3TLWN2BRF1QH5,B009MA34NY,5
2882,A177WB7O660HS8,B014IBJKNO,5
626,AP8CWOZ30P4GH,B0058YEJ5K,1
347,A2IFCGU2IQ6KAV,B001IKJOLW,4
278,A177WB7O660HS8,B001IKJOLW,5
2018,A3TLWN2BRF1QH5,B005AGO4LU,5
2422,A3TLWN2BRF1QH5,B010RRWKT4,5
655,AXZ02W7FMBC35,B0058YEJ5K,5
1377,A3I0ZDRING4F8W,B009MA34NY,5
979,A1NTI9B7VY30JM,B0014F7B98,5
1048,AASAT3YLO3WTB,B0014F7B98,5
907,A2RZ3T3ECENTMO,B0014F7B98,5
2781,A3RHNGQAZWUX01,B014IBJKNO,5
2741,A2GJUMX0CRHLIN,B014IBJKNO,2
3070,A12LDKOWDBPQTC,B014IBJKNO,5
911,A2ZGEESHHGFZKL,B0014F7B98,5
1937,A34WSGSH5OBAM2,B0092UF54A,5
632,AB29N6EMOFEVW,B0058YEJ5K,5
2724,A2G9JO5SZ3GUXH,B010RRWKT4,5
445,A1TEBP1FCCJW5V,B001IKJOLW,5
617,A2W3B4YHP3HZ9R,B0058YEJ5K,5
2113,A1LCV2UNXGHB0W,B005AGO4LU,5
2549,AT7UEQ7UJB0RU,B010RRWKT4,5
1461,A1GZ9Z5M3Q4FDK,B009MA34NY,5
2606,A3F5015D4BBJM9,B010RRWKT4,4
2974,AG1CF6PFNBOQH,B014IBJKNO,5
2705,A3IO5BLF4EPZDR,B010RRWKT4,3
1073,A2JX7ESVMGXMJY,B0014F7B98,2
2247,A37OEAOYVLKYC,B005AGO4LU,5
353,A3T1O294HJJTUH,B001IKJOLW,4
613,A1EF7YWCNN7E9K,B0058YEJ5K,5
2909,AXJZFD1IUBAE7,B014IBJKNO,5
2870,A2GWLCDWM7V59I,B014IBJKNO,4
1983,A2N97FVE233YZ4,B005AGO4LU,5
57,A232J1FHOQI5YN,B000YFSR4W,5
1784,A3D71DQPAAI6O4,B0092UF54A,5
1370,APWLFTPOXQCCG,B009MA34NY,5
2330,AOFQAZVA6Q6E7,B005AGO4LU,5
2758,A1T708NWV60HSO,B014IBJKNO,5
1950,A14NH559TEDFQL,B0092UF54A,5
1690,AHFAVT1MUB29W,B0092UF54A,4
2310,A1AS1520CGYJ79,B005AGO4LU,5
2590,A3A2DRPMDCRFBC,B010RRWKT4,5
2387,A2N97FVE233YZ4,B010RRWKT4,5
1926,A36XF6818PQ4DJ,B0092UF54A,5
560,A3RNGBSBRJ3YAQ,B0058YEJ5K,5
707,AT72GRKOXVE25,B0058YEJ5K,5
3013,A1LLX8PMQSAUHT,B014IBJKNO,5
424,A1DF4MM3K93J0W,B001IKJOLW,4
647,APWLFTPOXQCCG,B0058YEJ5K,5
1912,A39XW67H6XEUOJ,B0092UF54A,1
1344,ANPPQ1G3RP88H,B009MA34NY,5
1234,A3ONF0JD2UBP54,B009MA34NY,5
1105,A2JD3RN8JCO62Z,B0014F7B98,2
1005,A87LWEOT3ZJU7,B0014F7B98,5
620,AVZB7UFLT6VD,B0058YEJ5K,5
2424,AUE82PKEUMKZB,B010RRWKT4,1
553,A16BGUHQH20CIP,B0058YEJ5K,5
2822,A18530DRJJ0QAF,B014IBJKNO,5
1584,A22WG2NE4D47UM,B009MA34NY,5
998,A38X15IJFAPHZP,B0014F7B98,3
1385,A2PJ5F6BY1TZNK,B009MA34NY,5
2223,A8DR2Z71DERN0,B005AGO4LU,1
2908,A1OM5S4Z9J2JQQ,B014IBJKNO,3
3159,A1T708NWV60HSO,B009MA34NY,5
1674,A1DX2WRQ2ZHAEK,B0092UF54A,5
440,AJWSFNS4F87M6,B001IKJOLW,3
508,A3E30OLSMGJEVK,B001LNSY2Q,5
589,A1BN6I0B2OF7WB,B0058YEJ5K,1
2979,A1GZ9Z5M3Q4FDK,B014IBJKNO,5
649,A37EEIAK5YJGTS,B0058YEJ5K,5
2594,A1ZR8LQHUOUFJP,B010RRWKT4,3
1697,AJX8JEGB4Z8AI,B0092UF54A,5
1381,AKY3EYDEZVW6C,B009MA34NY,5
1670,A1UVWOQTPDSYGY,B0092UF54A,2
1921,A12LDKOWDBPQTC,B0092UF54A,5
630,A2XUQXG9J9SRTG,B0058YEJ5K,1
1425,A3S1CGGMXE41RR,B009MA34NY,5
482,A34WSGSH5OBAM2,B001IKJOLW,5
1665,A174EEWMHB3J8N,B0092UF54A,5
2716,AIP4C9MG13COB,B010RRWKT4,5
1237,ATS6HOUGOVX0D,B009MA34NY,5
2592,A2KMWD77XBGZ8K,B010RRWKT4,5
2186,A140XVPLRQYKYY,B005AGO4LU,4
2382,A1T708NWV60HSO,B010RRWKT4,5
856,A1OOBIVO3APP7E,B0058YEJ5K,5
2480,A1EF7YWCNN7E9K,B010RRWKT4,5
530,A3P9DECTULU1B3,B0058YEJ5K,5
2402,A1CKPC88NHMYGR,B010RRWKT4,5
49,A3E30OLSMGJEVK,B000YFSR5G,5
858,A14NH559TEDFQL,B0058YEJ5K,5
1072,A3EOYFVP68048C,B0014F7B98,5
719,A2K5ZBX75J80TX,B0058YEJ5K,1
2089,A2ORP5RT8NQ0Q7,B005AGO4LU,5
1525,A2FCRNY9C46Q4H,B009MA34NY,5
2700,A2UE1H1A7NH56P,B010RRWKT4,5
1472,ADUWEIS0CHJV8,B009MA34NY,4
1660,ATHL3S7ZD436V,B0092UF54A,4
2262,A1EWNWTJPKEO4Z,B005AGO4LU,5
1462,A3F5015D4BBJM9,B009MA34NY,4
2371,A3P1MRTMU7EH0D,B010RRWKT4,4
1459,A37K0VP2H8FKOU,B009MA34NY,4
1406,A10WPKF2VH1JWY,B009MA34NY,4
2744,A3ONF0JD2UBP54,B014IBJKNO,5
1882,A3G2IEH99QRNYP,B0092UF54A,5
2325,AJDH2WVLX79KA,B005AGO4LU,5
2786,AHQZL3LSIR57E,B014IBJKNO,5
2713,A2QJWHL4HY9FMF,B010RRWKT4,3
297,A21M1G84SE8SOO,B001IKJOLW,5
1559,AIM9MWMG87AWG,B009MA34NY,5
1716,A1NTI9B7VY30JM,B0092UF54A,5
958,A30HFZ2FW8CQBI,B0014F7B98,5
2615,ABWHIDHK8JSRD,B010RRWKT4,4
1454,A3B5TYITM5FKRO,B009MA34NY,5
1233,A2YI41MCJB2QCV,B009MA34NY,3
349,A2Q6OH5LUQXPFV,B001IKJOLW,4
1411,A24DSR6Y3A08QM,B009MA34NY,5
643,A38X15IJFAPHZP,B0058YEJ5K,3
1413,AJDX5KE665V0K,B009MA34NY,5
2428,A13W5DGU9QF721,B010RRWKT4,5
669,A3UO0DDWXIJ8DW,B0058YEJ5K,5
1407,A2ABEGA0S52R5E,B009MA34NY,4
2610,A3JGWZXFBDENRB,B010RRWKT4,3
1927,A2SF88GW3AWEFK,B0092UF54A,3
1814,AEUUYBIO73RLA,B0092UF54A,5
2953,A2Q6OH5LUQXPFV,B014IBJKNO,4
3096,A2P87PVYP2KLT6,B014IBJKNO,4
1743,A1LCV2UNXGHB0W,B0092UF54A,5
786,A1QGX3IWOHIZYA,B0058YEJ5K,4
3156,A311XHHLM12MUT,B009MA34NY,5
140,A3HX4X3TIABWOV,B0014HA6VG,4
788,A2VMKNYTJ973O3,B0058YEJ5K,4
1754,A2PJ5F6BY1TZNK,B0092UF54A,5
2965,A140XVPLRQYKYY,B014IBJKNO,4
714,AZ7LUSY20ZFSC,B0058YEJ5K,5
2390,AHZ8GGXF4BCNP,B010RRWKT4,5
1746,A3I0ZDRING4F8W,B0092UF54A,5
1628,A1CKPC88NHMYGR,B0092UF54A,5
1563,ABRX0RQNRXX85,B009MA34NY,5
618,AGVYFU0PR5IWV,B0058YEJ5K,5
406,A199ICSPL9EXJ5,B001IKJOLW,1
2233,A3A90ECS7ALV4T,B005AGO4LU,5
2865,A1NTI9B7VY30JM,B014IBJKNO,5
2719,AYNXCABS73RDW,B010RRWKT4,5
1289,A13JGYKUU10QKH,B009MA34NY,5
1809,A3EOYFVP68048C,B0092UF54A,5
497,A10RXRZE0TAKPU,B001IKJOLW,4
342,AFD4WKNPLPS3I,B001IKJOLW,5
3128,A21HH0VIBKK80J,B001LNSY2Q,1
2408,A1R9CFF27RIALC,B010RRWKT4,3
782,A1R7S4XNZLSLBH,B0058YEJ5K,2
2216,A8I41EKH4UI1Y,B005AGO4LU,5
303,ADTQ22MUSQFIR,B001IKJOLW,5
1878,A1QGX3IWOHIZYA,B0092UF54A,4
664,A3JTZ664IGZIOK,B0058YEJ5K,4
2921,A2ZE58RF22658T,B014IBJKNO,5
1651,A2UVALXRJ35D1A,B0092UF54A,2
2926,ADD8OMIBXZ89G,B014IBJKNO,3
1656,A2UALK0MY7S3C2,B0092UF54A,5
84,A36GNVEQP92OPA,B0017LGD34,2
2351,A1Y01U6OZLZE7I,B00MLYE8PQ,4
941,A22WH1BPQH7XJD,B0014F7B98,4
961,A2HMEEX4K9UX81,B0014F7B98,5
841,A2GXUQFUWMZ2FH,B0058YEJ5K,5
1510,A1DF4MM3K93J0W,B009MA34NY,4
2702,A2SF88GW3AWEFK,B010RRWKT4,3
1632,A2ILUTAAPPZY79,B0092UF54A,5
2910,A3UO0DDWXIJ8DW,B014IBJKNO,5
290,A184AKBVD3WI86,B001IKJOLW,3
3069,A2YPMEQ0QQ2I50,B014IBJKNO,3
1769,AJWKZNI5VHW86,B0092UF54A,4
604,AF70T61UO8MCD,B0058YEJ5K,5
2168,A36GUL3Z65YSIP,B005AGO4LU,4
916,A13W5DGU9QF721,B0014F7B98,5
2066,AF70T61UO8MCD,B005AGO4LU,5
2597,A2NBGWZH3VC2EW,B010RRWKT4,5
1099,A6BHQ6FNIRI1K,B0014F7B98,5
1088,AG1CF6PFNBOQH,B0014F7B98,5
2232,A11D8CLU9H24YK,B005AGO4LU,5
1465,A3PRZ9ESGB2KPU,B009MA34NY,5
821,A3SM5XENOINDNH,B0058YEJ5K,1
2616,ADUWEIS0CHJV8,B010RRWKT4,4
1000,A1PFKS00R93MRZ,B0014F7B98,5
1880,A2VMKNYTJ973O3,B0092UF54A,4
18,AW8UBYMNJ894V,B000V0IBDM,2
2011,AHXQ0PAMEKC0P,B005AGO4LU,4
1125,A11D8CLU9H24YK,B0014F7B98,5
1804,A2Q6OH5LUQXPFV,B0092UF54A,4
2662,ATSUXY7ASCGPY,B010RRWKT4,4
1822,A2NBGWZH3VC2EW,B0092UF54A,5
2918,AJWKZNI5VHW86,B014IBJKNO,4
1747,AXZ02W7FMBC35,B0092UF54A,5
1621,A2EGVPBTNJI3HB,B0092UF54A,5
1839,A2T47RI1J0I7JM,B0092UF54A,5
2801,A2UVALXRJ35D1A,B014IBJKNO,2
1567,A3LJ4LLR2UX4CB,B009MA34NY,5
2827,AERFS3FMQJJ9L,B014IBJKNO,3
1702,AQAY0P6DQAWDL,B0092UF54A,5
1009,A3I0ZDRING4F8W,B0014F7B98,5
360,A3A2DRPMDCRFBC,B001IKJOLW,5
2710,A3QX1A6IPFQTN9,B010RRWKT4,5
2043,A1LKTJ6HKH077C,B005AGO4LU,5
3000,A3BZKR332FQEP8,B014IBJKNO,5
2684,A2NKNE9SV2KIN2,B010RRWKT4,5
1419,A17DW041T4X7TJ,B009MA34NY,5
1779,AI4KO5XDRKDFR,B0092UF54A,5
344,AT72GRKOXVE25,B001IKJOLW,5
986,A2R0RL0TF6E9VC,B0014F7B98,5
1432,AWEIW3G1E0MKO,B009MA34NY,5
1941,AIP4C9MG13COB,B0092UF54A,5
1835,A3JGWZXFBDENRB,B0092UF54A,3
1681,A1BN6I0B2OF7WB,B0092UF54A,1
113,A3E30OLSMGJEVK,B000YFSR5G,5
1345,ABONZZSS8YG3K,B009MA34NY,5
1142,A1DF4MM3K93J0W,B0014F7B98,4
2111,A37EEIAK5YJGTS,B005AGO4LU,5
1198,A3QX1A6IPFQTN9,B0014F7B98,5
85,A33GD4H5O1MK6S,B0017LGD34,4
3038,A1NBH6OGAD3BSK,B014IBJKNO,3
668,AXJZFD1IUBAE7,B0058YEJ5K,5
1014,A1GQ2TRY8J631M,B0014F7B98,5
128,A2BFZUQ2XV535H,B000YFSR4W,5
2517,A87LWEOT3ZJU7,B010RRWKT4,5
2506,A9KR8PT0Z47CL,B010RRWKT4,3
891,A1S4O68F0UG4GA,B0014F7B98,5
2369,A3ONF0JD2UBP54,B010RRWKT4,5
307,A4GR8SDFRBSDV,B001IKJOLW,5
383,A2DDYH2QTGQ6FZ,B001IKJOLW,5
150,A12DWXDNZQTKXQ,B0017LGD34,3
3135,ASECGGNQIT2RN,B0058YEJ5K,5
2849,AKG96VVJ8XANP,B014IBJKNO,3
426,A1OZMZ4FLR5UPW,B001IKJOLW,5
494,A2G9JO5SZ3GUXH,B001IKJOLW,5
1207,AYNXCABS73RDW,B0014F7B98,5
1780,A24DSR6Y3A08QM,B0092UF54A,5
1208,A2X2KP4XXM06OU,B0014F7B98,5
2578,A2AGT9INDKDK6B,B010RRWKT4,5
2335,A2TRI54C8EMCX,B005AGO4LU,5
1422,A1K0VEMIB5QF7I,B009MA34NY,5
1793,A2IAB9QOQH3IA6,B0092UF54A,5
275,A1J3XYI0M1D0LW,B001IKJOLW,4
489,AYNXCABS73RDW,B001IKJOLW,5
2856,A3V6I3EA3X3SCE,B014IBJKNO,5
1229,A1WVSBL8J4ZESK,B0014F7B98,5
690,AJDX5KE665V0K,B0058YEJ5K,5
1925,A2UE1H1A7NH56P,B0092UF54A,5
1873,AEHOCC2S72M38,B0092UF54A,5
2013,A6CXK8NXD50R2,B005AGO4LU,1
1351,A5Z3UGOPDBJPW,B009MA34NY,5
3086,A34WSGSH5OBAM2,B014IBJKNO,5
2209,A2T47RI1J0I7JM,B005AGO4LU,5
1058,A3B4FM5VE99X4P,B0014F7B98,5
118,A232J1FHOQI5YN,B000YFSR4W,5
1024,A3UO0DDWXIJ8DW,B0014F7B98,5
3157,A135SGOQMVWABQ,B009MA34NY,5
281,A1OFFB5DLIHH41,B001IKJOLW,5
1991,A2EGVPBTNJI3HB,B005AGO4LU,5
2477,AQAY0P6DQAWDL,B010RRWKT4,5
968,A1EF7YWCNN7E9K,B0014F7B98,5
2319,A2G9JO5SZ3GUXH,B005AGO4LU,5
1340,A2W3B4YHP3HZ9R,B009MA34NY,5
2618,A3BN0MRGRDKM0J,B010RRWKT4,5
155,A2TRI54C8EMCX,B001IKJOLW,5
304,A1OM5S4Z9J2JQQ,B001IKJOLW,3
2332,A3UMNRR89DIZRM,B005AGO4LU,4
2704,AK1X6JAJ2L389,B010RRWKT4,5
1543,A39XW67H6XEUOJ,B009MA34NY,1
2365,A1WVSBL8J4ZESK,B010RRWKT4,5
2378,A1GTC5EVSJNCQ8,B010RRWKT4,5
1552,A12LDKOWDBPQTC,B009MA34NY,5
575,A1FQAVH5JBSV6A,B0058YEJ5K,5
2083,ANPPQ1G3RP88H,B005AGO4LU,5
2725,A14NH559TEDFQL,B010RRWKT4,5
2779,A1S4O68F0UG4GA,B014IBJKNO,5
1611,A1A8RABZPTD7HL,B0092UF54A,3
2922,AT7UEQ7UJB0RU,B014IBJKNO,5
843,A3QX1A6IPFQTN9,B0058YEJ5K,5
1429,A36GUL3Z65YSIP,B009MA34NY,4
269,AB29N6EMOFEVW,B001IKJOLW,5
629,A2GWLCDWM7V59I,B0058YEJ5K,4
1033,A3J4XAGMLTHFHZ,B0014F7B98,3
286,A37EEIAK5YJGTS,B001IKJOLW,5
2349,A25SOIZ0IZE1YY,B00I0VHS10,5
300,A3B23RZXRXYT9Q,B001IKJOLW,5
1536,A2QVLSH9P0BFA6,B009MA34NY,4
2377,A2IBS6PIPAGAB5,B010RRWKT4,5
2605,A1GZ9Z5M3Q4FDK,B010RRWKT4,5
1491,A3KWGJH9EBRLE8,B009MA34NY,4
65,ABX2R8Q6GBTJ8,B000YFSR4W,2
2358,A1NCY0KWVFW829,B00RLSCLJM,5
890,A1CKPC88NHMYGR,B0014F7B98,5
2299,AK1X6JAJ2L389,B005AGO4LU,5
2067,AJX8JEGB4Z8AI,B005AGO4LU,5
1961,A2C6XHB0AEBNEG,B0092UF54A,4
3110,A2C6XHB0AEBNEG,B014IBJKNO,4
230,AKZNLII88A0KO,B001IKJOLW,5
503,A1AWX0M8R6A2I1,B001IKJOLW,5
1373,A87LWEOT3ZJU7,B009MA34NY,5
1537,A17SQ5GHL7FCTZ,B009MA34NY,3
2580,ADLAYE3PNYFJM,B010RRWKT4,5
2525,AKY3EYDEZVW6C,B010RRWKT4,5
1004,A37EEIAK5YJGTS,B0014F7B98,5
836,AIM9MWMG87AWG,B0058YEJ5K,5
1752,A21M1G84SE8SOO,B0092UF54A,5
374,AZYHPRWLMSY9O,B001IKJOLW,5
1421,A2ZMHBMNYFXOX7,B009MA34NY,4
2244,A1R7S4XNZLSLBH,B005AGO4LU,2
2022,A3E05IUHHCTRJC,B005AGO4LU,5
2042,A2LSGH30A8AN2Y,B005AGO4LU,3
2452,A22FYN2DKXSWS0,B010RRWKT4,3
751,A3BN0MRGRDKM0J,B0058YEJ5K,5
99,A3T8NHQYBQSV1X,B000YFSR5G,4
1952,A10RXRZE0TAKPU,B0092UF54A,4
866,A1AWX0M8R6A2I1,B0058YEJ5K,5
910,A3TLWN2BRF1QH5,B0014F7B98,5
2470,A30HFZ2FW8CQBI,B010RRWKT4,5
529,A1B3W4RSJ1CJEO,B0058YEJ5K,5
1260,A8C8Q1GQPYPR3,B009MA34NY,4
1861,A199ICSPL9EXJ5,B0092UF54A,1
636,A1Z37N7XE7FRD2,B0058YEJ5K,5
1269,A3UTTXFSBNV2V7,B009MA34NY,5
185,AHXQ0PAMEKC0P,B001IKJOLW,4
1578,A2P87PVYP2KLT6,B009MA34NY,4
1623,A3P9DECTULU1B3,B0092UF54A,5
931,A2GBBOXDACUA6,B0014F7B98,5
2988,A2T47RI1J0I7JM,B014IBJKNO,5
2437,A23TE15JI8Q2YQ,B010RRWKT4,1
3105,AVHVZJ5HB6FSK,B014IBJKNO,4
2823,A2LSGH30A8AN2Y,B014IBJKNO,3
1273,A6CXK8NXD50R2,B009MA34NY,1
2923,AT7UEQ7UJB0RU,B014IBJKNO,5
607,AKG96VVJ8XANP,B0058YEJ5K,3
2263,AXKDU1CHG7Y4,B005AGO4LU,4
151,A2VR6SWVSF6K4,B0017LGD34,4
1601,A2YI41MCJB2QCV,B0092UF54A,3
3017,A29KOO6WMPLGOQ,B014IBJKNO,5
731,A3B5TYITM5FKRO,B0058YEJ5K,5
3065,ASOSP4VAUDB7I,B014IBJKNO,4
1815,A3A2DRPMDCRFBC,B0092UF54A,5
2891,A87LWEOT3ZJU7,B014IBJKNO,5
23,A265UZVOZWTTXQ,B000V0IBDM,5
1885,A1223JGQ0GRSPT,B0092UF54A,5
158,A3KAX5RZ4XH9L7,B001IKJOLW,4
861,A22WG2NE4D47UM,B0058YEJ5K,5
902,A2QPBIA0HKEL96,B0014F7B98,5
1653,A3RNGBSBRJ3YAQ,B0092UF54A,5
1230,A2GJUMX0CRHLIN,B0014F7B98,2
2552,ADD8OMIBXZ89G,B010RRWKT4,3
444,A3CXL2P49AQQRH,B001IKJOLW,5
3108,AT5OQFDS6PEE1,B014IBJKNO,5
754,A8I41EKH4UI1Y,B0058YEJ5K,5
923,A36T5MSMYI9F3C,B0014F7B98,5
3144,A135SGOQMVWABQ,B0014F7B98,5
2236,A37RTXMIC21YOH,B005AGO4LU,5
311,A3W0GO31B8Y2KE,B001IKJOLW,5
548,AHXQ0PAMEKC0P,B0058YEJ5K,4
2123,AU2OMN6TEN4GA,B005AGO4LU,5
2019,A2ZGEESHHGFZKL,B005AGO4LU,5
306,A3UO0DDWXIJ8DW,B001IKJOLW,5
287,A87LWEOT3ZJU7,B001IKJOLW,5
694,A1RNS06YMZXM0K,B0058YEJ5K,4
308,A29ACU3O9IMICZ,B001IKJOLW,5
2462,A3M69Q5SNV7U0X,B010RRWKT4,2
749,ADUWEIS0CHJV8,B0058YEJ5K,4
2293,A3R2PQ01UGPDOX,B005AGO4LU,5
3131,A311XHHLM12MUT,B0058YEJ5K,5
2399,A1CIQ2ULKB933A,B010RRWKT4,3
1441,A2JX7ESVMGXMJY,B009MA34NY,2
908,A16BGUHQH20CIP,B0014F7B98,5
86,A12DWXDNZQTKXQ,B0017LGD34,3
2560,AASAT3YLO3WTB,B010RRWKT4,5
1894,A2FCRNY9C46Q4H,B0092UF54A,5
2643,A29KOO6WMPLGOQ,B010RRWKT4,5
970,A3V6I3EA3X3SCE,B0014F7B98,5
13,AW8UBYMNJ894V,B000KPIHQ4,5
873,A12AWD9L3DD93E,B0014F7B98,5
808,A1TEBP1FCCJW5V,B0058YEJ5K,5
3045,A2KGKIJ528667I,B014IBJKNO,3
514,AZRZ2FB7CFNOE,B0058YEJ5K,5
2880,A9KR8PT0Z47CL,B014IBJKNO,3
409,A1LLX8PMQSAUHT,B001IKJOLW,5
1807,A1L7TD1CZQDK6R,B0092UF54A,5
1337,AQWZQKD0N851T,B009MA34NY,5
2401,A2IJJUO99LXIXG,B010RRWKT4,5
3039,A3DIMXA53RL7P,B014IBJKNO,5
1391,AXJZFD1IUBAE7,B009MA34NY,5
3130,A1EZN3E9R322YJ,B003M6060S,4
1612,A2BM6XH033ZQ3I,B0092UF54A,3
382,A1EE1EP2G0HKQ,B001IKJOLW,5
2907,ADTQ22MUSQFIR,B014IBJKNO,5
3152,A1DHIMM5SZGIIL,B009MA34NY,5
1392,A3UO0DDWXIJ8DW,B009MA34NY,5
1509,A1QGX3IWOHIZYA,B009MA34NY,4
1877,A37OEAOYVLKYC,B0092UF54A,5
2077,A3V6I3EA3X3SCE,B005AGO4LU,5
2320,A14NH559TEDFQL,B005AGO4LU,5
1393,A4GR8SDFRBSDV,B009MA34NY,5
552,A2RZ3T3ECENTMO,B0058YEJ5K,5
222,A22FYN2DKXSWS0,B001IKJOLW,3
1764,A9C9408H23DRM,B0092UF54A,5
1096,A2A1WECA7Y5UPN,B0014F7B98,4
2752,A2077NII5H62R2,B014IBJKNO,5
8,A3W11493KS6Z2L,B000K2PJ4K,5
1677,A22FYN2DKXSWS0,B0092UF54A,3
316,A12FBA7DCFE5W7,B001IKJOLW,5
1328,AJX8JEGB4Z8AI,B009MA34NY,5
427,A3G2IEH99QRNYP,B001IKJOLW,5
1718,AP8CWOZ30P4GH,B0092UF54A,1
105,A1Y01U6OZLZE7I,B000YFSR5G,4
2162,A135KOM855ZA5,B005AGO4LU,5
142,A1Z8U8IPBLBEU5,B0017LD0BM,3
121,A232J1FHOQI5YN,B000YFSR4W,5
2514,APWLFTPOXQCCG,B010RRWKT4,5
3033,ACDIEMICS7XGC,B014IBJKNO,5
1189,A36XF6818PQ4DJ,B0014F7B98,5
2099,A3LGYYLGO2KJOE,B005AGO4LU,5
2754,A1GTC5EVSJNCQ8,B014IBJKNO,5
1554,A3R2PQ01UGPDOX,B009MA34NY,5
115,A2J9WEIRNVTX61,B000YFSR5G,3
2533,ADTQ22MUSQFIR,B010RRWKT4,5
1783,A1SR58S4CXKU5G,B0092UF54A,4
2279,A2NKNE9SV2KIN2,B005AGO4LU,5
2964,A3A2DRPMDCRFBC,B014IBJKNO,5
3120,A39LISAY8SNHM,B001IKJOLW,5
1813,A9MOCNHJD03PI,B0092UF54A,5
2034,A3U0BBRU2Q85LE,B005AGO4LU,3
672,A9C9408H23DRM,B0058YEJ5K,5
1626,A1TFZVGT6J5NYZ,B0092UF54A,5
2999,A1F6LKEC43RSZM,B014IBJKNO,5
1721,A2GWLCDWM7V59I,B0092UF54A,4
591,A14LN0R1PQA5WI,B0058YEJ5K,4
2624,A1IE5BGNY2JTF4,B010RRWKT4,2
888,A1TFZVGT6J5NYZ,B0014F7B98,5
1987,A1OWUKMLTHKYG,B005AGO4LU,5
1553,A2S1234WV0NH27,B009MA34NY,5
2588,A9MOCNHJD03PI,B010RRWKT4,5
213,A2GBBOXDACUA6,B001IKJOLW,5
778,A1IR4GED6BXNSR,B0058YEJ5K,5
2287,A11JLWK8H96AU,B005AGO4LU,5
2648,AEHOCC2S72M38,B010RRWKT4,5
800,A1EWNWTJPKEO4Z,B0058YEJ5K,5
2629,A3RP2S6J4VUA7D,B010RRWKT4,4
1642,A2P6I9PGAVEW6E,B0092UF54A,5
1731,A9KR8PT0Z47CL,B0092UF54A,3
2425,A2UVALXRJ35D1A,B010RRWKT4,2
2820,A2LZMWZ1CM4PF3,B014IBJKNO,5
1717,AM9TTLTT6DR1W,B0092UF54A,4
2873,AB29N6EMOFEVW,B014IBJKNO,5
1343,AVZB7UFLT6VD,B009MA34NY,5
273,A1Z37N7XE7FRD2,B001IKJOLW,5
71,A3CNRM11BHAR1A,B0012DR1LU,5
2266,A2KGKIJ528667I,B005AGO4LU,3
1087,A2O3GSYI4B5Z9H,B0014F7B98,5
394,A1IE5BGNY2JTF4,B001IKJOLW,2
583,A2PWOO618R3IKJ,B0058YEJ5K,5
1732,A1AUEUD7NP1LUC,B0092UF54A,5
2404,A8C8Q1GQPYPR3,B010RRWKT4,4
2148,A1P2JWDZ4SFW78,B005AGO4LU,5
500,AJDH2WVLX79KA,B001IKJOLW,5
2161,A1K0VEMIB5QF7I,B005AGO4LU,5
2766,AHZ8GGXF4BCNP,B014IBJKNO,5
3153,A2077NII5H62R2,B009MA34NY,5
2903,A2PJ5F6BY1TZNK,B014IBJKNO,5
2284,AMDBCZOTA9PVG,B005AGO4LU,5
1259,A1S4O68F0UG4GA,B009MA34NY,5
2759,ASECGGNQIT2RN,B014IBJKNO,5
1972,A3R09ZAUTB2PUU,B005AGO4LU,5
205,A36T5MSMYI9F3C,B001IKJOLW,5
733,AG1CF6PFNBOQH,B0058YEJ5K,5
1957,AG8MPE8CQAPM7,B0092UF54A,4
526,AOZHQ15OKY2ZT,B0058YEJ5K,3
1562,A26TU9F2BSPSGT,B009MA34NY,5
898,AHQZL3LSIR57E,B0014F7B98,5
377,ABKS5CX4GI72B,B001IKJOLW,5
3055,A17SQ5GHL7FCTZ,B014IBJKNO,3
2840,AHFAVT1MUB29W,B014IBJKNO,4
1904,A1X1ZJUOWLSFPG,B0092UF54A,5
386,ADUWEIS0CHJV8,B001IKJOLW,4
198,A13W5DGU9QF721,B001IKJOLW,5
1050,A21SV1XYXF2GK,B0014F7B98,4
590,A2PYQN4T4LV0NP,B0058YEJ5K,5
519,A3KAX5RZ4XH9L7,B0058YEJ5K,4
2554,AI4KO5XDRKDFR,B010RRWKT4,5
2170,A2AEJ9NTLWD61V,B005AGO4LU,5
429,ACDIEMICS7XGC,B001IKJOLW,5
1083,A2AAABWQUYH26V,B0014F7B98,4
207,A23TE15JI8Q2YQ,B001IKJOLW,1
491,A15DWAOMHKY7F2,B001IKJOLW,5
1517,AUDAQGK21DH1Z,B009MA34NY,4
3081,ABRX0RQNRXX85,B014IBJKNO,5
792,ACDIEMICS7XGC,B0058YEJ5K,5
2642,A2JMHGCCBZPYP4,B010RRWKT4,5
1186,A3R2PQ01UGPDOX,B0014F7B98,5
1185,A2S1234WV0NH27,B0014F7B98,5
2251,A1OZMZ4FLR5UPW,B005AGO4LU,5
2894,A184AKBVD3WI86,B014IBJKNO,3
2370,A3R09ZAUTB2PUU,B010RRWKT4,5
1410,AI4KO5XDRKDFR,B009MA34NY,5
1476,A13P82MG3XFWV1,B009MA34NY,5
83,A1Z8U8IPBLBEU5,B0017LGD34,3
2512,A1PFKS00R93MRZ,B010RRWKT4,5
2364,A2TRI54C8EMCX,B010RRWKT4,5
20,AW8UBYMNJ894V,B000V0IBDM,5
1565,AS378UOMHULXO,B009MA34NY,5
1735,A38X15IJFAPHZP,B0092UF54A,3
2707,ABRX0RQNRXX85,B010RRWKT4,5
1405,AT7UEQ7UJB0RU,B009MA34NY,5
2120,AKY3EYDEZVW6C,B005AGO4LU,5
3164,A2IBS6PIPAGAB5,B0092UF54A,5
2852,AQAY0P6DQAWDL,B014IBJKNO,5
2119,AE6W48FPMKO4L,B005AGO4LU,3
973,AGVYFU0PR5IWV,B0014F7B98,5
2956,A1L7TD1CZQDK6R,B014IBJKNO,5
883,A2EGVPBTNJI3HB,B0014F7B98,5
1098,A3JGWZXFBDENRB,B0014F7B98,3
156,A1WVSBL8J4ZESK,B001IKJOLW,5
2418,A39943Z2419XIU,B010RRWKT4,5
886,A353OJ19SEMPT4,B0014F7B98,3
3173,A1GTC5EVSJNCQ8,B005AGO4LU,5
1808,A3T1O294HJJTUH,B0092UF54A,4
1512,A1OZMZ4FLR5UPW,B009MA34NY,5
2627,ARY4E7Y947T9P,B010RRWKT4,4
2096,A1OK7HI3YI9682,B005AGO4LU,5
2686,A218T4MO2D9DF3,B010RRWKT4,5
2257,ATSUXY7ASCGPY,B005AGO4LU,4
1671,A18530DRJJ0QAF,B0092UF54A,5
1453,A2NBGWZH3VC2EW,B009MA34NY,5
1505,A1R7S4XNZLSLBH,B009MA34NY,2
2806,A2UALK0MY7S3C2,B014IBJKNO,5
458,A3SM5XENOINDNH,B001IKJOLW,1
2095,A2Y2IKO63FNHQE,B005AGO4LU,3
78,A1Z8U8IPBLBEU5,B0017LD0BM,3
3083,AS378UOMHULXO,B014IBJKNO,5
1056,A2IAB9QOQH3IA6,B0014F7B98,5
906,A39943Z2419XIU,B0014F7B98,5
1778,A1P2JWDZ4SFW78,B0092UF54A,5
2764,A2YIR9LKJO8W37,B014IBJKNO,5
2855,AQWZQKD0N851T,B014IBJKNO,5
380,A3JGWZXFBDENRB,B001IKJOLW,3
947,A35U6TP5276HMD,B0014F7B98,5
1940,A1AS1520CGYJ79,B0092UF54A,5
2225,A34NDY5V71MVJ6,B005AGO4LU,5
715,A1L7TD1CZQDK6R,B0058YEJ5K,5
2126,A3JTZ664IGZIOK,B005AGO4LU,4
686,A1P2JWDZ4SFW78,B0058YEJ5K,5
2718,AIO1XEP0AIDQJ,B010RRWKT4,5
1293,A23TE15JI8Q2YQ,B009MA34NY,1
305,AXJZFD1IUBAE7,B001IKJOLW,5
209,A3U0BBRU2Q85LE,B001IKJOLW,3
3048,A3CXL2P49AQQRH,B014IBJKNO,5
2359,A1QL6WZ4EJAUTD,B00RLSCLJM,5
3149,A1A8RABZPTD7HL,B0014F7B98,3
1749,AE6W48FPMKO4L,B0092UF54A,3
885,A3P9DECTULU1B3,B0014F7B98,5
2234,A1LLX8PMQSAUHT,B005AGO4LU,5
917,A2QRWCN5YR05G9,B0014F7B98,5
3119,ASECGGNQIT2RN,B001IKJOLW,5
2876,A39U1R8S96YIR4,B014IBJKNO,5
191,A3O3KF45YVTOGY,B001IKJOLW,5
1978,A1T708NWV60HSO,B005AGO4LU,5
2166,AKJVCU7H1KDWI,B005AGO4LU,5
1265,A3KKVVAINMZF9D,B009MA34NY,5
483,A2QJWHL4HY9FMF,B001IKJOLW,3
915,A3RNGBSBRJ3YAQ,B0014F7B98,5
2753,A2IBS6PIPAGAB5,B014IBJKNO,5
277,A1AUEUD7NP1LUC,B001IKJOLW,5
988,A2Y2IKO63FNHQE,B0014F7B98,3
1650,AUE82PKEUMKZB,B0092UF54A,1
1245,A3NAUSUOBMW1XH,B009MA34NY,3
1844,AODFGQL9CC7G7,B0092UF54A,3
571,AC5PPX3XLCZN1,B0058YEJ5K,5
1435,A2Q6OH5LUQXPFV,B009MA34NY,4
993,A1J3XYI0M1D0LW,B0014F7B98,4
1593,A3UMNRR89DIZRM,B009MA34NY,4
2961,AY9TXNLYCD9L5,B014IBJKNO,5
585,A22FYN2DKXSWS0,B0058YEJ5K,3
3111,A3UMNRR89DIZRM,B014IBJKNO,4
1788,A17DW041T4X7TJ,B0092UF54A,5
3167,A135SGOQMVWABQ,B0092UF54A,5
1349,AP8CWOZ30P4GH,B009MA34NY,1
1007,A3O0UBMD8CSF1V,B0014F7B98,5
674,A3W0GO31B8Y2KE,B0058YEJ5K,5
1918,AC5WLG32YTU5K,B0092UF54A,5
855,A2P87PVYP2KLT6,B0058YEJ5K,4
447,A2HL6AXS8GU07F,B001IKJOLW,5
1613,A2N97FVE233YZ4,B0092UF54A,5
1891,A2RI4IA5982B8I,B0092UF54A,4
1833,A2A1WECA7Y5UPN,B0092UF54A,4
2400,A1TFZVGT6J5NYZ,B010RRWKT4,5
2833,A14LN0R1PQA5WI,B014IBJKNO,4
2528,AU2OMN6TEN4GA,B010RRWKT4,5
2498,A2R0RL0TF6E9VC,B010RRWKT4,5
2829,A3OP70LPLALBKN,B014IBJKNO,5
2638,A3A90ECS7ALV4T,B010RRWKT4,5
1247,A1OWUKMLTHKYG,B009MA34NY,5
294,AE6W48FPMKO4L,B001IKJOLW,3
1547,ASOSP4VAUDB7I,B009MA34NY,4
588,A3OP70LPLALBKN,B0058YEJ5K,5
1281,A2UVALXRJ35D1A,B009MA34NY,2
1616,AHZ8GGXF4BCNP,B0092UF54A,5
2059,A10Z8PKPUJ7YHO,B005AGO4LU,3
2453,A22WH1BPQH7XJD,B010RRWKT4,4
2313,AIO1XEP0AIDQJ,B005AGO4LU,5
1620,A2YZERYQTLB8NG,B0092UF54A,5
2394,A2YZERYQTLB8NG,B010RRWKT4,5
1417,A1RNS06YMZXM0K,B009MA34NY,4
425,A2VMKNYTJ973O3,B001IKJOLW,4
534,A2IJJUO99LXIXG,B0058YEJ5K,5
1054,A1K0VEMIB5QF7I,B0014F7B98,5
2405,A3RHNGQAZWUX01,B010RRWKT4,5
2654,A1DF4MM3K93J0W,B010RRWKT4,4
2893,A3O0UBMD8CSF1V,B014IBJKNO,5
132,A21HH0VIBKK80J,B000YFSR4W,1
6,A3W11493KS6Z2L,B000K2PJ4K,5
2819,A2GBBOXDACUA6,B014IBJKNO,5
421,AZ7P3NH09B66S,B001IKJOLW,5
2816,A174EEWMHB3J8N,B014IBJKNO,5
2167,AFD4WKNPLPS3I,B005AGO4LU,5
2106,A1OFFB5DLIHH41,B005AGO4LU,5
1368,A1PFKS00R93MRZ,B009MA34NY,5
556,A2ZGEESHHGFZKL,B0058YEJ5K,5
2171,AWEIW3G1E0MKO,B005AGO4LU,5
1689,A10Z8PKPUJ7YHO,B0092UF54A,3
2837,A3M69Q5SNV7U0X,B014IBJKNO,2
1725,A2Y2IKO63FNHQE,B0092UF54A,3
570,A23TE15JI8Q2YQ,B0058YEJ5K,1
352,A1L7TD1CZQDK6R,B001IKJOLW,5
91,A232J1FHOQI5YN,B000YFSR5G,5
2256,AUDAQGK21DH1Z,B005AGO4LU,4
2685,AZ3KLARHNWMNZ,B010RRWKT4,5
1170,A2JYB3OMH5QEBV,B0014F7B98,4
2204,A3PRZ9ESGB2KPU,B005AGO4LU,5
1285,A2QRWCN5YR05G9,B009MA34NY,5
3027,A1QGX3IWOHIZYA,B014IBJKNO,4
1666,A1VXFXHDY4SRI5,B0092UF54A,5
3001,ARY4E7Y947T9P,B014IBJKNO,4
1591,AOFQAZVA6Q6E7,B009MA34NY,5
1860,A3KWGJH9EBRLE8,B0092UF54A,4
697,A14TS9PCRLLWEG,B0058YEJ5K,5
2656,A1OZMZ4FLR5UPW,B010RRWKT4,5
348,A2AGT9INDKDK6B,B001IKJOLW,5
1775,A10WPKF2VH1JWY,B0092UF54A,4
2488,ANPPQ1G3RP88H,B010RRWKT4,5
2577,A2IFCGU2IQ6KAV,B010RRWKT4,4
2683,A717DJ1DZRTC5,B010RRWKT4,3
1137,A1R7S4XNZLSLBH,B0014F7B98,2
2202,ABKS5CX4GI72B,B005AGO4LU,5
2885,A1OFFB5DLIHH41,B014IBJKNO,5
3112,AZRZ2FB7CFNOE,B014IBJKNO,5
2987,A2DDYH2QTGQ6FZ,B014IBJKNO,5
1339,AGT48Z76ZQSQU,B009MA34NY,5
2639,A1LLX8PMQSAUHT,B010RRWKT4,5
453,A717DJ1DZRTC5,B001IKJOLW,3
913,A2UVALXRJ35D1A,B0014F7B98,2
2144,AT7UEQ7UJB0RU,B005AGO4LU,5
1199,A3LJ4LLR2UX4CB,B0014F7B98,5
1274,A39943Z2419XIU,B009MA34NY,5
2078,AGT48Z76ZQSQU,B005AGO4LU,5
37,AGZ5OOZVDO194,B000YFSR4W,5
974,A2SU06VTWMFP7C,B0014F7B98,5
2935,A1RNS06YMZXM0K,B014IBJKNO,4
983,A5Z3UGOPDBJPW,B0014F7B98,5
2044,A1DX2WRQ2ZHAEK,B005AGO4LU,5
2138,A14LVJDMDABMML,B005AGO4LU,5
1418,A21SV1XYXF2GK,B009MA34NY,4
1284,A13W5DGU9QF721,B009MA34NY,5
1864,A1LLX8PMQSAUHT,B0092UF54A,5
39,ABX2R8Q6GBTJ8,B000YFSR5G,2
1486,A34NDY5V71MVJ6,B009MA34NY,5
2292,A2S1234WV0NH27,B005AGO4LU,5
169,A1CIQ2ULKB933A,B001IKJOLW,3
1355,AB29N6EMOFEVW,B009MA34NY,5
737,AZYHPRWLMSY9O,B0058YEJ5K,5
1765,A3T9CL6JYWAP40,B0092UF54A,1
2859,AGVYFU0PR5IWV,B014IBJKNO,5
1672,A2LSGH30A8AN2Y,B0092UF54A,3
1564,A2GXUQFUWMZ2FH,B009MA34NY,5
2098,A1Z37N7XE7FRD2,B005AGO4LU,5
634,A1OK7HI3YI9682,B0058YEJ5K,5
2805,A2QRWCN5YR05G9,B014IBJKNO,5
2108,A23H50RT6SLXY9,B005AGO4LU,4
1640,A2QPBIA0HKEL96,B0092UF54A,5
1290,ATHL3S7ZD436V,B009MA34NY,4
2780,A8C8Q1GQPYPR3,B014IBJKNO,4
1380,AE6W48FPMKO4L,B009MA34NY,3
579,A18530DRJJ0QAF,B0058YEJ5K,5
328,A1SR58S4CXKU5G,B001IKJOLW,4
1862,A11D8CLU9H24YK,B0092UF54A,5
892,A8C8Q1GQPYPR3,B0014F7B98,4
1143,A2VMKNYTJ973O3,B0014F7B98,4
780,ASEXDKPTYY14D,B0058YEJ5K,5
159,A2YI41MCJB2QCV,B001IKJOLW,3
2110,AN5PL4KUZS35E,B005AGO4LU,5
2414,A2QPBIA0HKEL96,B010RRWKT4,5
2466,A10X6EMVZGVX9E,B010RRWKT4,5
61,A2NEJIX5NIH2ZZ,B000YFSR4W,3
849,AIP4C9MG13COB,B0058YEJ5K,5
2636,A199ICSPL9EXJ5,B010RRWKT4,1
3061,A39XW67H6XEUOJ,B014IBJKNO,1
2276,A17SQ5GHL7FCTZ,B005AGO4LU,3
1596,A2TRI54C8EMCX,B009MA34NY,5
1043,A24DSR6Y3A08QM,B0014F7B98,5
2645,A1IR4GED6BXNSR,B010RRWKT4,5
1544,A3SM5XENOINDNH,B009MA34NY,1
2118,A29K85C92Z8HGR,B005AGO4LU,4
2381,A3H6A9RH9LN2LJ,B010RRWKT4,5
1070,A1L7TD1CZQDK6R,B0014F7B98,5
53,A36GNVEQP92OPA,B000YFSR5G,5
2589,AEUUYBIO73RLA,B010RRWKT4,5
258,ANPPQ1G3RP88H,B001IKJOLW,5
505,AOFQAZVA6Q6E7,B001IKJOLW,5
752,AODFGQL9CC7G7,B0058YEJ5K,3
2147,ADD8OMIBXZ89G,B005AGO4LU,3
217,A2LSGH30A8AN2Y,B001IKJOLW,3
824,ASOSP4VAUDB7I,B0058YEJ5K,4
1729,A3LGYYLGO2KJOE,B0092UF54A,5
3172,A2IBS6PIPAGAB5,B005AGO4LU,5
2415,AHXQ0PAMEKC0P,B010RRWKT4,4
1389,ADTQ22MUSQFIR,B009MA34NY,5
2659,ACDIEMICS7XGC,B010RRWKT4,5
1266,AHQZL3LSIR57E,B009MA34NY,5
2807,A5JF4EQ9MQC78,B014IBJKNO,5
2896,AXZ02W7FMBC35,B014IBJKNO,5
1598,A2GJUMX0CRHLIN,B009MA34NY,2
2178,A3T1O294HJJTUH,B005AGO4LU,4
1607,A1D6THAJG4XGSP,B0092UF54A,5
1859,A1WK3VVSUB1FY7,B0092UF54A,5
771,A3A90ECS7ALV4T,B0058YEJ5K,5
2969,A2AAABWQUYH26V,B014IBJKNO,4
2131,A3UO0DDWXIJ8DW,B005AGO4LU,5
2843,A2620Z0QR2OFYC,B014IBJKNO,5
1085,A2NBGWZH3VC2EW,B0014F7B98,5
1947,A2P87PVYP2KLT6,B0092UF54A,4
1744,A3O0UBMD8CSF1V,B0092UF54A,5
1325,A312BTXKFHK927,B009MA34NY,5
3107,A1AWX0M8R6A2I1,B014IBJKNO,5
1770,A3J4XAGMLTHFHZ,B0092UF54A,3
2260,A3DIMXA53RL7P,B005AGO4LU,5
1866,A37RTXMIC21YOH,B0092UF54A,5
1403,A2ZE58RF22658T,B009MA34NY,5
2025,A2QRWCN5YR05G9,B005AGO4LU,5
2346,A3QY3THQ42WSCQ,B00I0VHS10,5
2250,A2VMKNYTJ973O3,B005AGO4LU,4
1163,A1TEBP1FCCJW5V,B0014F7B98,5
963,A34LYR4FWZ77CA,B0014F7B98,5
3071,A2S1234WV0NH27,B014IBJKNO,5
1886,AUDAQGK21DH1Z,B0092UF54A,4
398,A8DR2Z71DERN0,B001IKJOLW,1
584,AERFS3FMQJJ9L,B0058YEJ5K,3
948,AKZNLII88A0KO,B0014F7B98,5
704,AKJVCU7H1KDWI,B0058YEJ5K,5
431,AUDAQGK21DH1Z,B001IKJOLW,4
1688,A2GOOFFNUI20XI,B0092UF54A,5
292,AXZ02W7FMBC35,B001IKJOLW,5
145,A12DWXDNZQTKXQ,B0017LD0BM,3
323,A1P2JWDZ4SFW78,B001IKJOLW,5
2743,A2YI41MCJB2QCV,B014IBJKNO,3
2242,ASEXDKPTYY14D,B005AGO4LU,5
1165,A2HL6AXS8GU07F,B0014F7B98,5
1452,A3LBTMJ453T4W6,B009MA34NY,3
2,ALJ66O1Y6SLHA,B000K2PJ4K,5
1712,AVZB7UFLT6VD,B0092UF54A,5
576,A2GBBOXDACUA6,B0058YEJ5K,5
2442,A1FQAVH5JBSV6A,B010RRWKT4,5
339,A3S1CGGMXE41RR,B001IKJOLW,5
2016,A16BGUHQH20CIP,B005AGO4LU,5
1949,A2G9JO5SZ3GUXH,B0092UF54A,5
925,A23TE15JI8Q2YQ,B0014F7B98,1
265,A5Z3UGOPDBJPW,B001IKJOLW,5
376,A3F5015D4BBJM9,B001IKJOLW,4
2487,AVZB7UFLT6VD,B010RRWKT4,5
1463,ABKS5CX4GI72B,B009MA34NY,5
271,A1OK7HI3YI9682,B001IKJOLW,5
696,A17DW041T4X7TJ,B0058YEJ5K,5
3147,ASECGGNQIT2RN,B0014F7B98,5
244,AKG96VVJ8XANP,B001IKJOLW,3
2980,A3F5015D4BBJM9,B014IBJKNO,4
476,A26TU9F2BSPSGT,B001IKJOLW,5
2057,A3M69Q5SNV7U0X,B005AGO4LU,2
1951,A2KCFRMKVHYSU7,B0092UF54A,5
813,A2QVLSH9P0BFA6,B0058YEJ5K,4
3056,A2JYB3OMH5QEBV,B014IBJKNO,4
1924,AV2MXVWMTERBK,B0092UF54A,5
2689,AMDBCZOTA9PVG,B010RRWKT4,5
2950,AWEIW3G1E0MKO,B014IBJKNO,5
3125,A3NAUSUOBMW1XH,B001IKJOLW,3
1164,AD7ZF3D5JH9HL,B0014F7B98,5
2307,A34WSGSH5OBAM2,B005AGO4LU,5
250,A1EF7YWCNN7E9K,B001IKJOLW,5
413,A29KOO6WMPLGOQ,B001IKJOLW,5
545,AJ74ZOS1UKOBA,B0058YEJ5K,5
1193,A3IO5BLF4EPZDR,B0014F7B98,3
738,A1GZ9Z5M3Q4FDK,B0058YEJ5K,5
310,A3T9CL6JYWAP40,B001IKJOLW,1
1914,AMDBCZOTA9PVG,B0092UF54A,5
893,A3RHNGQAZWUX01,B0014F7B98,5
1131,A29KOO6WMPLGOQ,B0014F7B98,5
1449,A25SOIZ0IZE1YY,B009MA34NY,5
3076,A2SF88GW3AWEFK,B014IBJKNO,3
15,AW8UBYMNJ894V,B000KPIHQ4,5
2127,A2JOUOASELY1XR,B005AGO4LU,5
721,A9MOCNHJD03PI,B0058YEJ5K,5
1420,A14TS9PCRLLWEG,B009MA34NY,5
3024,A3PTZ7IHGU9BA8,B014IBJKNO,1
981,AP8CWOZ30P4GH,B0014F7B98,1
2993,AODFGQL9CC7G7,B014IBJKNO,3
1539,A717DJ1DZRTC5,B009MA34NY,3
2682,A2JYB3OMH5QEBV,B010RRWKT4,4
1550,A2MIBT81MX859C,B009MA34NY,5
2567,A135KOM855ZA5,B010RRWKT4,5
363,A25SOIZ0IZE1YY,B001IKJOLW,5
982,A2ORP5RT8NQ0Q7,B0014F7B98,5
182,AJ74ZOS1UKOBA,B001IKJOLW,5
985,A2XUQXG9J9SRTG,B0014F7B98,1
2478,A246RG8KSPK5XS,B010RRWKT4,5
1194,A26TU9F2BSPSGT,B0014F7B98,5
2003,A21PLUMLST80EK,B005AGO4LU,5
3133,A3H6A9RH9LN2LJ,B0058YEJ5K,5
1121,A38Z4KJHHVY0AU,B0014F7B98,5
187,A6CXK8NXD50R2,B001IKJOLW,1
619,A2SU06VTWMFP7C,B0058YEJ5K,5
1829,AZYHPRWLMSY9O,B0092UF54A,5
1175,A39XW67H6XEUOJ,B0014F7B98,1
1182,A2MIBT81MX859C,B0014F7B98,5
2527,A21M1G84SE8SOO,B010RRWKT4,5
2338,A3LJRA2I5F34W5,B00G8Q7JZ4,5
614,AQWZQKD0N851T,B0058YEJ5K,5
1513,A3G2IEH99QRNYP,B009MA34NY,5
1466,A3JGWZXFBDENRB,B009MA34NY,3
401,A2AXI9WHORKU6X,B001IKJOLW,5
994,A9KR8PT0Z47CL,B0014F7B98,3
934,A18530DRJJ0QAF,B0014F7B98,5
371,A1LLDHUO4OLXYI,B001IKJOLW,5
2632,AOYR5V85UYA8O,B010RRWKT4,5
2302,ABRX0RQNRXX85,B005AGO4LU,5
593,AKZNLII88A0KO,B0058YEJ5K,5
2104,A38BS1VCQ4XSGV,B005AGO4LU,5
726,A25SOIZ0IZE1YY,B0058YEJ5K,5
826,AC5WLG32YTU5K,B0058YEJ5K,5
1898,A6IYTCB1PQ6NR,B0092UF54A,3
687,AI4KO5XDRKDFR,B0058YEJ5K,5
2353,A1D6THAJG4XGSP,B00ND9047Y,5
136,A276HQXYS553QW,B0014F8TIU,1
2596,A3LBTMJ453T4W6,B010RRWKT4,3
628,A5Z3UGOPDBJPW,B0058YEJ5K,5
334,A14TS9PCRLLWEG,B001IKJOLW,5
1805,ADLAYE3PNYFJM,B0092UF54A,5
390,A13P82MG3XFWV1,B001IKJOLW,5
2451,AERFS3FMQJJ9L,B010RRWKT4,3
1109,A8I41EKH4UI1Y,B0014F7B98,5
1967,A2GJUMX0CRHLIN,B0092UF54A,2
1817,A2KMWD77XBGZ8K,B0092UF54A,5
2858,A2W3B4YHP3HZ9R,B014IBJKNO,5
710,A2IFCGU2IQ6KAV,B0058YEJ5K,4
1039,A2ABEGA0S52R5E,B0014F7B98,4
2090,A5Z3UGOPDBJPW,B005AGO4LU,5
2342,A1QL6WZ4EJAUTD,B00G8Q7JZ4,5
2749,A1D6THAJG4XGSP,B014IBJKNO,5
1561,A3IO5BLF4EPZDR,B009MA34NY,3
2920,A12FBA7DCFE5W7,B014IBJKNO,5
1594,AZRZ2FB7CFNOE,B009MA34NY,5
3015,A37RTXMIC21YOH,B014IBJKNO,5
2672,A2CP5A30XO5JUO,B010RRWKT4,5
1112,A1IE5BGNY2JTF4,B0014F7B98,2
465,A2YPMEQ0QQ2I50,B001IKJOLW,3
1560,AK1X6JAJ2L389,B009MA34NY,5
1223,AOFQAZVA6Q6E7,B0014F7B98,5
2129,A1OM5S4Z9J2JQQ,B005AGO4LU,3
3140,A2YIR9LKJO8W37,B0058YEJ5K,5
2490,A2T8BWOO7BFBWY,B010RRWKT4,5
1508,A37OEAOYVLKYC,B009MA34NY,5
2004,A1R9CFF27RIALC,B005AGO4LU,3
1104,ADUWEIS0CHJV8,B0014F7B98,4
660,A21M1G84SE8SOO,B0058YEJ5K,5
2845,A30HFZ2FW8CQBI,B014IBJKNO,5
338,A2IAB9QOQH3IA6,B001IKJOLW,5
215,A1UVWOQTPDSYGY,B001IKJOLW,2
1615,A3NAUSUOBMW1XH,B0092UF54A,3
1341,AGVYFU0PR5IWV,B009MA34NY,5
2666,A2RI4IA5982B8I,B010RRWKT4,4
2499,AB29N6EMOFEVW,B010RRWKT4,5
2971,A2NBGWZH3VC2EW,B014IBJKNO,5
1846,A8I41EKH4UI1Y,B0092UF54A,5
1592,A2C6XHB0AEBNEG,B009MA34NY,4
2102,A1AUEUD7NP1LUC,B005AGO4LU,5
1909,A2NKNE9SV2KIN2,B0092UF54A,5
2674,A3CXL2P49AQQRH,B010RRWKT4,5
816,A717DJ1DZRTC5,B0058YEJ5K,3
1067,A2Q6OH5LUQXPFV,B0014F7B98,4
2157,A21SV1XYXF2GK,B005AGO4LU,4
274,A3LGYYLGO2KJOE,B001IKJOLW,5
2916,A3GQXGVAIH5EU4,B014IBJKNO,5
865,AG8MPE8CQAPM7,B0058YEJ5K,4
101,AGZ5OOZVDO194,B000YFSR4W,5
1501,A1IR4GED6BXNSR,B009MA34NY,5
2376,A2077NII5H62R2,B010RRWKT4,5
171,A2IJJUO99LXIXG,B001IKJOLW,5
107,A1G0HYMR02WM2W,B000YFSR5G,3
3078,AK1X6JAJ2L389,B014IBJKNO,5
1521,A3DIMXA53RL7P,B009MA34NY,5
3161,A3331XPWE0QR9O,B0092UF54A,5
1826,A1LLDHUO4OLXYI,B0092UF54A,5
2340,A1NCY0KWVFW829,B00G8Q7JZ4,5
2132,A4GR8SDFRBSDV,B005AGO4LU,5
2213,A3BN0MRGRDKM0J,B005AGO4LU,5
3168,A3H6A9RH9LN2LJ,B0092UF54A,5
3114,A2TRI54C8EMCX,B014IBJKNO,5
2392,A1VH37JYIIHE3F,B010RRWKT4,5
2482,A3V6I3EA3X3SCE,B010RRWKT4,5
2728,A22WG2NE4D47UM,B010RRWKT4,5
1992,A1B3W4RSJ1CJEO,B005AGO4LU,5
295,AKY3EYDEZVW6C,B001IKJOLW,5
712,A2Q6OH5LUQXPFV,B0058YEJ5K,4
72,A276HQXYS553QW,B0014F8TIU,1
1524,AXKDU1CHG7Y4,B009MA34NY,4
2411,A36UF843501J4Y,B010RRWKT4,5
2714,AXVYVUK058AM3,B010RRWKT4,5
3054,A2QVLSH9P0BFA6,B014IBJKNO,4
481,A3LJ4LLR2UX4CB,B001IKJOLW,5
2356,A1NCY0KWVFW829,B00RLSCLJM,5
1530,A3CXL2P49AQQRH,B009MA34NY,5
2706,A26TU9F2BSPSGT,B010RRWKT4,5
1872,ASEXDKPTYY14D,B0092UF54A,5
1514,A9E07GS8ZV3ON,B009MA34NY,5
3132,A135SGOQMVWABQ,B0058YEJ5K,5
1762,A4GR8SDFRBSDV,B0092UF54A,5
1490,A1WK3VVSUB1FY7,B009MA34NY,5
1171,A717DJ1DZRTC5,B0014F7B98,3
2599,A2O3GSYI4B5Z9H,B010RRWKT4,5
3121,A1A8RABZPTD7HL,B001IKJOLW,3
3004,A34NDY5V71MVJ6,B014IBJKNO,5
2203,A2A1WECA7Y5UPN,B005AGO4LU,4
2354,A3LJRA2I5F34W5,B00RLSCLJM,5
2413,A3UTTXFSBNV2V7,B010RRWKT4,5
405,A3KWGJH9EBRLE8,B001IKJOLW,4
757,A1IE5BGNY2JTF4,B0058YEJ5K,2
3060,A218T4MO2D9DF3,B014IBJKNO,5
2321,A2KCFRMKVHYSU7,B005AGO4LU,5
2087,AM9TTLTT6DR1W,B005AGO4LU,4
97,A2NEJIX5NIH2ZZ,B000YFSR5G,5
1333,AQAY0P6DQAWDL,B009MA34NY,5
3018,A3LWEZO2OWFJX5,B014IBJKNO,5
743,A3JGWZXFBDENRB,B0058YEJ5K,3
806,A6IYTCB1PQ6NR,B0058YEJ5K,3
2934,AASAT3YLO3WTB,B014IBJKNO,5
2097,A39U1R8S96YIR4,B005AGO4LU,5
2649,A1R7S4XNZLSLBH,B010RRWKT4,2
1535,A1X1ZJUOWLSFPG,B009MA34NY,5
2177,A1L7TD1CZQDK6R,B005AGO4LU,5
2646,A9MNC403IAKFS,B010RRWKT4,2
2846,AF70T61UO8MCD,B014IBJKNO,5
148,A36GNVEQP92OPA,B0017LGD34,2
2322,A10RXRZE0TAKPU,B005AGO4LU,4
2181,A2K5ZBX75J80TX,B005AGO4LU,1
2412,AJ74ZOS1UKOBA,B010RRWKT4,5
1315,A35U6TP5276HMD,B009MA34NY,5
692,A3D71DQPAAI6O4,B0058YEJ5K,5
818,AZ3KLARHNWMNZ,B0058YEJ5K,5
1728,A1Z37N7XE7FRD2,B0092UF54A,5
1386,A3B23RZXRXYT9Q,B009MA34NY,5
1845,A13P82MG3XFWV1,B0092UF54A,5
2423,A2ZGEESHHGFZKL,B010RRWKT4,5
2184,AEUUYBIO73RLA,B005AGO4LU,5
1599,A3KAX5RZ4XH9L7,B009MA34NY,4
2647,ASEXDKPTYY14D,B010RRWKT4,5
3006,AOYR5V85UYA8O,B014IBJKNO,5
701,A2IAB9QOQH3IA6,B0058YEJ5K,5
1499,A29KOO6WMPLGOQ,B009MA34NY,5
3035,AUDAQGK21DH1Z,B014IBJKNO,4
921,A13JGYKUU10QKH,B0014F7B98,5
1424,A2IAB9QOQH3IA6,B009MA34NY,5
1708,AGT48Z76ZQSQU,B0092UF54A,5
905,A6CXK8NXD50R2,B0014F7B98,1
454,A2NKNE9SV2KIN2,B001IKJOLW,5
2212,A2JD3RN8JCO62Z,B005AGO4LU,2
2227,AOYR5V85UYA8O,B005AGO4LU,5
2446,A18530DRJJ0QAF,B010RRWKT4,5
2005,A3KKVVAINMZF9D,B005AGO4LU,5
167,A3P9DECTULU1B3,B001IKJOLW,5
730,A2NBGWZH3VC2EW,B0058YEJ5K,5
2295,A2UE1H1A7NH56P,B005AGO4LU,5
1310,A3OP70LPLALBKN,B009MA34NY,5
2440,A174EEWMHB3J8N,B010RRWKT4,5
26,A3GJ3DJU1RXOHN,B000YFSR4W,4
2179,A3EOYFVP68048C,B005AGO4LU,5
1897,A2CP5A30XO5JUO,B0092UF54A,5
1652,A3E05IUHHCTRJC,B0092UF54A,5
1622,A1B3W4RSJ1CJEO,B0092UF54A,5
587,A3OP70LPLALBKN,B0058YEJ5K,5
1401,A3J4XAGMLTHFHZ,B009MA34NY,3
997,A38BS1VCQ4XSGV,B0014F7B98,5
1176,A3SM5XENOINDNH,B0014F7B98,1
1700,A34LYR4FWZ77CA,B0092UF54A,5
1040,ADD8OMIBXZ89G,B0014F7B98,3
33,A2NEJIX5NIH2ZZ,B000YFSR5G,5
2274,A1X1ZJUOWLSFPG,B005AGO4LU,5
2933,A3D71DQPAAI6O4,B014IBJKNO,5
1379,A29K85C92Z8HGR,B009MA34NY,4
41,A1Y01U6OZLZE7I,B000YFSR5G,4
1876,AZ7P3NH09B66S,B0092UF54A,5
2028,A3VGHF7VNFBMCQ,B005AGO4LU,5
3118,A1T708NWV60HSO,B001IKJOLW,5
2761,A1A8RABZPTD7HL,B014IBJKNO,3
2298,AIM9MWMG87AWG,B005AGO4LU,5
2901,A21M1G84SE8SOO,B014IBJKNO,5
2030,ATHL3S7ZD436V,B005AGO4LU,4
609,A2M3ZNLCYPZ5A1,B0058YEJ5K,3
1132,A3LWEZO2OWFJX5,B0014F7B98,5
28,A2ON4RYI9Z4SQ,B000YFSR5G,5
441,A2KGKIJ528667I,B001IKJOLW,3
665,A2JOUOASELY1XR,B0058YEJ5K,5
2297,A2SF88GW3AWEFK,B005AGO4LU,3
493,A1OOBIVO3APP7E,B001IKJOLW,5
1258,A1CKPC88NHMYGR,B009MA34NY,5
1301,A1UVWOQTPDSYGY,B009MA34NY,2
2691,ASOSP4VAUDB7I,B010RRWKT4,4
2508,A177WB7O660HS8,B010RRWKT4,5
1382,A1GQ2TRY8J631M,B009MA34NY,5
1304,A1LKTJ6HKH077C,B009MA34NY,5
236,A10X6EMVZGVX9E,B001IKJOLW,5
1985,A3NAUSUOBMW1XH,B005AGO4LU,3
551,A39943Z2419XIU,B0058YEJ5K,5
520,A2YI41MCJB2QCV,B0058YEJ5K,3
2355,A3LJRA2I5F34W5,B00RLSCLJM,5
1232,A2YI41MCJB2QCV,B0014F7B98,3
1138,A3PTZ7IHGU9BA8,B0014F7B98,1
1905,A2QVLSH9P0BFA6,B0092UF54A,4
720,AY9TXNLYCD9L5,B0058YEJ5K,5
735,A37K0VP2H8FKOU,B0058YEJ5K,4
2930,A1E4Y7BABMEA03,B014IBJKNO,5
1750,AKY3EYDEZVW6C,B0092UF54A,5
2029,A13JGYKUU10QKH,B005AGO4LU,5
58,A1EZN3E9R322YJ,B000YFSR4W,5
631,A2R0RL0TF6E9VC,B0058YEJ5K,5
1181,AC5WLG32YTU5K,B0014F7B98,5
2341,A1NCY0KWVFW829,B00G8Q7JZ4,5
592,A35U6TP5276HMD,B0058YEJ5K,5
1303,A2LSGH30A8AN2Y,B009MA34NY,3
1387,A3JTZ664IGZIOK,B009MA34NY,4
2771,A2EGVPBTNJI3HB,B014IBJKNO,5
2787,A36UF843501J4Y,B014IBJKNO,5
2073,A246RG8KSPK5XS,B005AGO4LU,5
2367,A3KAX5RZ4XH9L7,B010RRWKT4,4
939,AERFS3FMQJJ9L,B0014F7B98,3
2955,AZ7LUSY20ZFSC,B014IBJKNO,5
1249,AOZHQ15OKY2ZT,B009MA34NY,3
904,A2P6I9PGAVEW6E,B0014F7B98,5
2696,A12LDKOWDBPQTC,B010RRWKT4,5
1279,A2ZGEESHHGFZKL,B009MA34NY,5
2545,A3J4XAGMLTHFHZ,B010RRWKT4,3
3047,A6IYTCB1PQ6NR,B014IBJKNO,3
2530,A3B23RZXRXYT9Q,B010RRWKT4,5
3117,A12DWXDNZQTKXQ,B01H7KY678,4
2830,A3OP70LPLALBKN,B014IBJKNO,5
706,A36GUL3Z65YSIP,B0058YEJ5K,4
2798,A3TLWN2BRF1QH5,B014IBJKNO,5
745,A1EE1EP2G0HKQ,B0058YEJ5K,5
1939,AXVYVUK058AM3,B0092UF54A,5
2093,A2R0RL0TF6E9VC,B005AGO4LU,5
513,A3UMNRR89DIZRM,B0058YEJ5K,4
81,A12DWXDNZQTKXQ,B0017LD0BM,3
1308,A22FYN2DKXSWS0,B009MA34NY,3
2644,A3LWEZO2OWFJX5,B010RRWKT4,5
914,A3E05IUHHCTRJC,B0014F7B98,5
2924,A10WPKF2VH1JWY,B014IBJKNO,4
774,A37RTXMIC21YOH,B0058YEJ5K,5
329,A3D71DQPAAI6O4,B001IKJOLW,5
2054,A35U6TP5276HMD,B005AGO4LU,5
2001,A3RHNGQAZWUX01,B005AGO4LU,5
943,A3OP70LPLALBKN,B0014F7B98,5
822,AMDBCZOTA9PVG,B0058YEJ5K,5
909,A3O3KF45YVTOGY,B0014F7B98,5
181,A36UF843501J4Y,B001IKJOLW,5
164,A2YZERYQTLB8NG,B001IKJOLW,5
1523,A1EWNWTJPKEO4Z,B009MA34NY,5
451,A17SQ5GHL7FCTZ,B001IKJOLW,3
1311,A3OP70LPLALBKN,B009MA34NY,5
1111,A3QKKFB26AZSMG,B0014F7B98,5
1287,A5JF4EQ9MQC78,B009MA34NY,5
327,AJDX5KE665V0K,B001IKJOLW,5
1790,A2ZMHBMNYFXOX7,B0092UF54A,4
2813,A23TE15JI8Q2YQ,B014IBJKNO,1
2007,A36UF843501J4Y,B005AGO4LU,5
1858,A38Z4KJHHVY0AU,B0092UF54A,5
312,A3GQXGVAIH5EU4,B001IKJOLW,5
832,AV2MXVWMTERBK,B0058YEJ5K,5
1201,A2QJWHL4HY9FMF,B0014F7B98,3
2456,A1BN6I0B2OF7WB,B010RRWKT4,1
2092,A2XUQXG9J9SRTG,B005AGO4LU,1
2465,AHFAVT1MUB29W,B010RRWKT4,4
1481,A1F6LKEC43RSZM,B009MA34NY,5
777,A3LWEZO2OWFJX5,B0058YEJ5K,5
799,A2RI4IA5982B8I,B0058YEJ5K,4
54,A232J1FHOQI5YN,B000YFSR4W,5
1920,A2YPMEQ0QQ2I50,B0092UF54A,3
2739,A4M7JTCBXRAT3,B010RRWKT4,3
2291,A12LDKOWDBPQTC,B005AGO4LU,5
1701,A2M3ZNLCYPZ5A1,B0092UF54A,3
2973,A2O3GSYI4B5Z9H,B014IBJKNO,5
987,AB29N6EMOFEVW,B0014F7B98,5
2289,A2MIBT81MX859C,B005AGO4LU,5
1394,A29ACU3O9IMICZ,B009MA34NY,5
768,A3KWGJH9EBRLE8,B0058YEJ5K,4
2810,ATHL3S7ZD436V,B014IBJKNO,4
285,AN5PL4KUZS35E,B001IKJOLW,5
2795,A2RZ3T3ECENTMO,B014IBJKNO,5
428,A9E07GS8ZV3ON,B001IKJOLW,5
2079,A2W3B4YHP3HZ9R,B005AGO4LU,5
722,AEUUYBIO73RLA,B0058YEJ5K,5
951,A2GOOFFNUI20XI,B0014F7B98,5
989,A1OK7HI3YI9682,B0014F7B98,5
2959,A2JX7ESVMGXMJY,B014IBJKNO,2
2637,A11D8CLU9H24YK,B010RRWKT4,5
326,A1E4Y7BABMEA03,B001IKJOLW,5
1383,A21M1G84SE8SOO,B009MA34NY,5
1724,AB29N6EMOFEVW,B0092UF54A,5
1086,A3B5TYITM5FKRO,B0014F7B98,5
341,AKJVCU7H1KDWI,B001IKJOLW,5
147,A1Z8U8IPBLBEU5,B0017LGD34,3
2481,AQWZQKD0N851T,B010RRWKT4,5
1107,AODFGQL9CC7G7,B0014F7B98,3
848,A1AS1520CGYJ79,B0058YEJ5K,5
966,A246RG8KSPK5XS,B0014F7B98,5
2611,A6BHQ6FNIRI1K,B010RRWKT4,5
661,AU2OMN6TEN4GA,B0058YEJ5K,5
1002,APWLFTPOXQCCG,B0014F7B98,5
2483,AGT48Z76ZQSQU,B010RRWKT4,5
2668,AXKDU1CHG7Y4,B010RRWKT4,4
2812,ACZAPPQ95QM86,B014IBJKNO,5
1879,A1DF4MM3K93J0W,B0092UF54A,4
2984,A3JGWZXFBDENRB,B014IBJKNO,3
1203,A1AS1520CGYJ79,B0014F7B98,5
1990,A2YZERYQTLB8NG,B005AGO4LU,5
24,A3QY3THQ42WSCQ,B000YFSR5G,1
3051,A2HL6AXS8GU07F,B014IBJKNO,5
2155,AASAT3YLO3WTB,B005AGO4LU,5
2989,ABWHIDHK8JSRD,B014IBJKNO,4
2441,A1VXFXHDY4SRI5,B010RRWKT4,5
875,A2N97FVE233YZ4,B0014F7B98,5
2854,A2JCYVQLKWULGM,B014IBJKNO,5
938,A2PWOO618R3IKJ,B0014F7B98,5
2657,A3G2IEH99QRNYP,B010RRWKT4,5
3145,A3H6A9RH9LN2LJ,B0014F7B98,5
385,ABWHIDHK8JSRD,B001IKJOLW,4
2436,ACZAPPQ95QM86,B010RRWKT4,5
2658,A9E07GS8ZV3ON,B010RRWKT4,5
2334,A4M7JTCBXRAT3,B005AGO4LU,3
2258,AY6GA8WZR3JKV,B005AGO4LU,5
936,A1LKTJ6HKH077C,B0014F7B98,5
2803,A3RNGBSBRJ3YAQ,B014IBJKNO,5
3094,A2X2KP4XXM06OU,B014IBJKNO,5
1332,A2M3ZNLCYPZ5A1,B009MA34NY,3
1934,AS378UOMHULXO,B0092UF54A,5
935,A2LSGH30A8AN2Y,B0014F7B98,3
566,A13JGYKUU10QKH,B0058YEJ5K,5
1854,A3RP2S6J4VUA7D,B0092UF54A,4
3012,A3A90ECS7ALV4T,B014IBJKNO,5
1645,A2RZ3T3ECENTMO,B0092UF54A,5
2252,A3G2IEH99QRNYP,B005AGO4LU,5
1792,A135KOM855ZA5,B0092UF54A,5
1430,AT72GRKOXVE25,B009MA34NY,5
2463,A2GOOFFNUI20XI,B010RRWKT4,5
1013,AKY3EYDEZVW6C,B0014F7B98,5
1928,AIM9MWMG87AWG,B0092UF54A,5
2389,A3NAUSUOBMW1XH,B010RRWKT4,3
126,A3T8NHQYBQSV1X,B000YFSR4W,4
2486,A2SU06VTWMFP7C,B010RRWKT4,5
1347,A1NTI9B7VY30JM,B009MA34NY,5
355,A2JX7ESVMGXMJY,B001IKJOLW,2
827,A2MIBT81MX859C,B0058YEJ5K,5
1639,A3UTTXFSBNV2V7,B0092UF54A,5
984,A2GWLCDWM7V59I,B0014F7B98,4
362,A2KMWD77XBGZ8K,B001IKJOLW,5
345,A2AEJ9NTLWD61V,B001IKJOLW,5
2188,A25SOIZ0IZE1YY,B005AGO4LU,5
2694,A2MIBT81MX859C,B010RRWKT4,5
711,A2AGT9INDKDK6B,B0058YEJ5K,5
2906,A2JOUOASELY1XR,B014IBJKNO,5
10,A3HX4X3TIABWOV,B000KPIHQ4,2
2561,A1RNS06YMZXM0K,B010RRWKT4,4
2116,A3I0ZDRING4F8W,B005AGO4LU,5
1834,A3PRZ9ESGB2KPU,B0092UF54A,5
793,A1223JGQ0GRSPT,B0058YEJ5K,5
2929,A24DSR6Y3A08QM,B014IBJKNO,5
94,A232J1FHOQI5YN,B000YFSR5G,5
129,ABX2R8Q6GBTJ8,B000YFSR4W,2
2379,A311XHHLM12MUT,B010RRWKT4,5
3074,A2UE1H1A7NH56P,B014IBJKNO,5
1900,A1TEBP1FCCJW5V,B0092UF54A,5
2538,A29ACU3O9IMICZ,B010RRWKT4,5
1932,ABRX0RQNRXX85,B0092UF54A,5
2282,A39XW67H6XEUOJ,B005AGO4LU,1
1865,A62VUJ6MUZU6M,B0092UF54A,5
1658,A3VGHF7VNFBMCQ,B0092UF54A,5
516,A2TRI54C8EMCX,B0058YEJ5K,5
1857,AOYR5V85UYA8O,B0092UF54A,5
1277,A3O3KF45YVTOGY,B009MA34NY,5
950,A3M69Q5SNV7U0X,B0014F7B98,2
1120,AOYR5V85UYA8O,B0014F7B98,5
419,A1R7S4XNZLSLBH,B001IKJOLW,2
922,ATHL3S7ZD436V,B0014F7B98,4
2337,A3LJRA2I5F34W5,B00G8Q7JZ4,5
477,ABRX0RQNRXX85,B001IKJOLW,5
2035,A174EEWMHB3J8N,B005AGO4LU,5
2314,AYNXCABS73RDW,B005AGO4LU,5
1692,A3JPU96NVWGUF5,B0092UF54A,4
2350,A2VR6SWVSF6K4,B00LKWYX2I,5
1471,ABWHIDHK8JSRD,B009MA34NY,4
1202,AXVYVUK058AM3,B0014F7B98,5
1669,A2LZMWZ1CM4PF3,B0092UF54A,5
2940,A1K0VEMIB5QF7I,B014IBJKNO,5
1970,A2YI41MCJB2QCV,B005AGO4LU,3
2151,A1E4Y7BABMEA03,B005AGO4LU,5
820,A39XW67H6XEUOJ,B0058YEJ5K,1
1997,A2IJJUO99LXIXG,B005AGO4LU,5
3036,ATSUXY7ASCGPY,B014IBJKNO,4
1248,A1VH37JYIIHE3F,B009MA34NY,5
2333,AZRZ2FB7CFNOE,B005AGO4LU,5
2818,A1FQAVH5JBSV6A,B014IBJKNO,5
2190,A2AAABWQUYH26V,B005AGO4LU,4
2769,AOZHQ15OKY2ZT,B014IBJKNO,3
1046,A1SR58S4CXKU5G,B0014F7B98,4
1888,AY6GA8WZR3JKV,B0092UF54A,5
615,A3V6I3EA3X3SCE,B0058YEJ5K,5
1318,A3M69Q5SNV7U0X,B009MA34NY,2
3053,A1X1ZJUOWLSFPG,B014IBJKNO,5
2136,A3W0GO31B8Y2KE,B005AGO4LU,5
2607,ABKS5CX4GI72B,B010RRWKT4,5
1772,A2ZE58RF22658T,B0092UF54A,5
3123,A2N97FVE233YZ4,B001IKJOLW,5
131,A1Y01U6OZLZE7I,B000YFSR4W,4
77,A3HX4X3TIABWOV,B0014HA6VG,5
2052,A2PYQN4T4LV0NP,B005AGO4LU,5
724,A140XVPLRQYKYY,B0058YEJ5K,4
1314,A14LN0R1PQA5WI,B009MA34NY,4
1851,A3BZKR332FQEP8,B0092UF54A,5
2438,AC5PPX3XLCZN1,B010RRWKT4,5
2635,A3KWGJH9EBRLE8,B010RRWKT4,4
1372,A37EEIAK5YJGTS,B009MA34NY,5
1855,A34NDY5V71MVJ6,B0092UF54A,5
1319,A2GOOFFNUI20XI,B009MA34NY,5
3042,AXKDU1CHG7Y4,B014IBJKNO,4
2308,A2QJWHL4HY9FMF,B005AGO4LU,3
375,A1GZ9Z5M3Q4FDK,B001IKJOLW,5
1908,A717DJ1DZRTC5,B0092UF54A,3
333,A17DW041T4X7TJ,B001IKJOLW,5
2905,A3JTZ664IGZIOK,B014IBJKNO,4
2443,A2GBBOXDACUA6,B010RRWKT4,5
1604,A3P1MRTMU7EH0D,B0092UF54A,4
1118,A34NDY5V71MVJ6,B0014F7B98,5
2995,A8I41EKH4UI1Y,B014IBJKNO,5
1943,AIO1XEP0AIDQJ,B0092UF54A,5
2403,A1S4O68F0UG4GA,B010RRWKT4,5
2673,A6IYTCB1PQ6NR,B010RRWKT4,3
1342,A2SU06VTWMFP7C,B009MA34NY,5
320,A10WPKF2VH1JWY,B001IKJOLW,4
1619,AOZHQ15OKY2ZT,B0092UF54A,3
2593,A25SOIZ0IZE1YY,B010RRWKT4,5
2060,AHFAVT1MUB29W,B005AGO4LU,4
2219,A1IE5BGNY2JTF4,B005AGO4LU,2
1673,A1LKTJ6HKH077C,B0092UF54A,5
1942,A1X1DXP9HGXG27,B0092UF54A,5
260,A2T8BWOO7BFBWY,B001IKJOLW,5
2496,A2GWLCDWM7V59I,B010RRWKT4,4
2039,A2LZMWZ1CM4PF3,B005AGO4LU,5
689,A1E4Y7BABMEA03,B0058YEJ5K,5
901,A3UTTXFSBNV2V7,B0014F7B98,5
2026,A2UALK0MY7S3C2,B005AGO4LU,5
138,A3BN0MRGRDKM0J,B0014F8TIU,5
1917,A11JLWK8H96AU,B0092UF54A,5
1828,A37K0VP2H8FKOU,B0092UF54A,4
1573,A1X1DXP9HGXG27,B009MA34NY,5
319,AT7UEQ7UJB0RU,B001IKJOLW,5
653,A184AKBVD3WI86,B0058YEJ5K,3
2137,A3GQXGVAIH5EU4,B005AGO4LU,5
2464,A10Z8PKPUJ7YHO,B010RRWKT4,3
558,A2UVALXRJ35D1A,B0058YEJ5K,2
2187,A2KMWD77XBGZ8K,B005AGO4LU,5
112,A2UUEV4MYOJY66,B000YFSR5G,4
531,A353OJ19SEMPT4,B0058YEJ5K,3
224,A3OP70LPLALBKN,B001IKJOLW,5
723,A3A2DRPMDCRFBC,B0058YEJ5K,5
2574,AT72GRKOXVE25,B010RRWKT4,5
2723,A1OOBIVO3APP7E,B010RRWKT4,5
1433,A2IFCGU2IQ6KAV,B009MA34NY,4
2471,AF70T61UO8MCD,B010RRWKT4,5
2540,A3T9CL6JYWAP40,B010RRWKT4,1
1458,A37K0VP2H8FKOU,B009MA34NY,4
2861,AVZB7UFLT6VD,B014IBJKNO,5
846,A2QJWHL4HY9FMF,B0058YEJ5K,3
193,A2ZGEESHHGFZKL,B001IKJOLW,5
1464,A2A1WECA7Y5UPN,B009MA34NY,4
946,A14LN0R1PQA5WI,B0014F7B98,4
2021,A2UVALXRJ35D1A,B005AGO4LU,2
1629,A1S4O68F0UG4GA,B0092UF54A,5
117,A36GNVEQP92OPA,B000YFSR5G,5
645,A1PFKS00R93MRZ,B0058YEJ5K,5
1870,A1IR4GED6BXNSR,B0092UF54A,5
3,ALJ66O1Y6SLHA,B000K2PJ4K,5
74,A3BN0MRGRDKM0J,B0014F8TIU,5
1755,A3B23RZXRXYT9Q,B0092UF54A,5
467,A2S1234WV0NH27,B001IKJOLW,5
5,A3W11493KS6Z2L,B000K2PJ4K,3
1246,AHZ8GGXF4BCNP,B009MA34NY,5
919,A5JF4EQ9MQC78,B0014F7B98,5
228,A14LN0R1PQA5WI,B001IKJOLW,4
1063,A2AEJ9NTLWD61V,B0014F7B98,5
242,AJX8JEGB4Z8AI,B001IKJOLW,5
2421,A3O3KF45YVTOGY,B010RRWKT4,5
1160,A2CP5A30XO5JUO,B0014F7B98,5
2665,A3DIMXA53RL7P,B010RRWKT4,5
1526,AJWSFNS4F87M6,B009MA34NY,3
1605,ATS6HOUGOVX0D,B0092UF54A,5
2951,A2IFCGU2IQ6KAV,B014IBJKNO,4
2469,A312BTXKFHK927,B010RRWKT4,5
2697,A2S1234WV0NH27,B010RRWKT4,5
1989,AOZHQ15OKY2ZT,B005AGO4LU,3
2494,A2ORP5RT8NQ0Q7,B010RRWKT4,5
1975,A12AWD9L3DD93E,B005AGO4LU,5
1761,A3UO0DDWXIJ8DW,B0092UF54A,5
1305,A1DX2WRQ2ZHAEK,B009MA34NY,5
1541,AZ3KLARHNWMNZ,B009MA34NY,5
622,ABONZZSS8YG3K,B0058YEJ5K,5
2789,A3UTTXFSBNV2V7,B014IBJKNO,5
1493,A11D8CLU9H24YK,B009MA34NY,5
110,A26TEJJ6YOGWMZ,B000YFSR5G,2
2275,A2QVLSH9P0BFA6,B005AGO4LU,4
2406,A2ILUTAAPPZY79,B010RRWKT4,5
1169,A17SQ5GHL7FCTZ,B0014F7B98,3
2608,A2A1WECA7Y5UPN,B010RRWKT4,4
232,A3M69Q5SNV7U0X,B001IKJOLW,2
66,ABX2R8Q6GBTJ8,B000YFSR4W,2
2868,A2ORP5RT8NQ0Q7,B014IBJKNO,5
2072,AQAY0P6DQAWDL,B005AGO4LU,5
2192,A2NBGWZH3VC2EW,B005AGO4LU,5
536,A1S4O68F0UG4GA,B0058YEJ5K,5
125,A2NEJIX5NIH2ZZ,B000YFSR4W,3
2133,A29ACU3O9IMICZ,B005AGO4LU,5
1254,A353OJ19SEMPT4,B009MA34NY,3
2633,A38Z4KJHHVY0AU,B010RRWKT4,5
1976,A1D6THAJG4XGSP,B005AGO4LU,5
2609,A3PRZ9ESGB2KPU,B010RRWKT4,5
2468,A2620Z0QR2OFYC,B010RRWKT4,5
2075,A1EF7YWCNN7E9K,B005AGO4LU,5
484,AXVYVUK058AM3,B001IKJOLW,5
1654,A13W5DGU9QF721,B0092UF54A,5
2834,A35U6TP5276HMD,B014IBJKNO,5
2407,A21PLUMLST80EK,B010RRWKT4,5
2548,AT7UEQ7UJB0RU,B010RRWKT4,5
1774,AT7UEQ7UJB0RU,B0092UF54A,5
918,A2UALK0MY7S3C2,B0014F7B98,5
1646,A16BGUHQH20CIP,B0092UF54A,5
1026,A29ACU3O9IMICZ,B0014F7B98,5
1030,A3GQXGVAIH5EU4,B0014F7B98,5
882,A2YZERYQTLB8NG,B0014F7B98,5
1335,A2JCYVQLKWULGM,B009MA34NY,5
2360,A1QL6WZ4EJAUTD,B00RLSCLJM,5
364,A1ZR8LQHUOUFJP,B001IKJOLW,3
2125,A3B23RZXRXYT9Q,B005AGO4LU,5
27,A232J1FHOQI5YN,B000YFSR5G,5
473,AIM9MWMG87AWG,B001IKJOLW,5
525,A1VH37JYIIHE3F,B0058YEJ5K,5
725,A2KMWD77XBGZ8K,B0058YEJ5K,5
55,A2ON4RYI9Z4SQ,B000YFSR4W,5
638,A1J3XYI0M1D0LW,B0058YEJ5K,4
302,A2JOUOASELY1XR,B001IKJOLW,5
2763,A2N97FVE233YZ4,B014IBJKNO,5
1276,A16BGUHQH20CIP,B009MA34NY,5
2792,A2P6I9PGAVEW6E,B014IBJKNO,5
624,A1NTI9B7VY30JM,B0058YEJ5K,5
2055,AKZNLII88A0KO,B005AGO4LU,5
1280,AUE82PKEUMKZB,B009MA34NY,1
1049,A1RNS06YMZXM0K,B0014F7B98,4
336,A1K0VEMIB5QF7I,B001IKJOLW,5
47,A2J9WEIRNVTX61,B000YFSR5G,3
106,A21HH0VIBKK80J,B000YFSR5G,1
1079,A140XVPLRQYKYY,B0014F7B98,4
2286,ASOSP4VAUDB7I,B005AGO4LU,4
2261,A2RI4IA5982B8I,B005AGO4LU,4
1144,A1OZMZ4FLR5UPW,B0014F7B98,5
2529,A2PJ5F6BY1TZNK,B010RRWKT4,5
2296,A36XF6818PQ4DJ,B005AGO4LU,5
1836,A6BHQ6FNIRI1K,B0092UF54A,5
1753,AU2OMN6TEN4GA,B0092UF54A,5
1101,A2DDYH2QTGQ6FZ,B0014F7B98,5
1968,A2GJUMX0CRHLIN,B005AGO4LU,2
523,AHZ8GGXF4BCNP,B0058YEJ5K,5
2280,AZ3KLARHNWMNZ,B005AGO4LU,5
1428,AFD4WKNPLPS3I,B009MA34NY,5
2762,A2BM6XH033ZQ3I,B014IBJKNO,3
603,A30HFZ2FW8CQBI,B0058YEJ5K,5
1489,A38Z4KJHHVY0AU,B009MA34NY,5
2493,AP8CWOZ30P4GH,B010RRWKT4,1
60,A2NEJIX5NIH2ZZ,B000YFSR4W,5
2912,A29ACU3O9IMICZ,B014IBJKNO,5
671,A29ACU3O9IMICZ,B0058YEJ5K,5
92,A2ON4RYI9Z4SQ,B000YFSR5G,5
666,ADTQ22MUSQFIR,B0058YEJ5K,5
1887,ATSUXY7ASCGPY,B0092UF54A,4
280,A38X15IJFAPHZP,B001IKJOLW,3
1719,A2ORP5RT8NQ0Q7,B0092UF54A,5
359,AEUUYBIO73RLA,B001IKJOLW,5
899,A36UF843501J4Y,B0014F7B98,5
1935,A3QX1A6IPFQTN9,B0092UF54A,5
1994,A353OJ19SEMPT4,B005AGO4LU,3
3049,A1TEBP1FCCJW5V,B014IBJKNO,5
760,ARY4E7Y947T9P,B0058YEJ5K,4
2158,A17DW041T4X7TJ,B005AGO4LU,5
2778,A1CKPC88NHMYGR,B014IBJKNO,5
42,A21HH0VIBKK80J,B000YFSR5G,1
2173,A2AGT9INDKDK6B,B005AGO4LU,5
204,ATHL3S7ZD436V,B001IKJOLW,4
1473,A2JD3RN8JCO62Z,B009MA34NY,2
2100,A1J3XYI0M1D0LW,B005AGO4LU,4
68,A21HH0VIBKK80J,B000YFSR4W,1
1875,A3PTZ7IHGU9BA8,B0092UF54A,1
2522,AXZ02W7FMBC35,B010RRWKT4,5
2231,A199ICSPL9EXJ5,B005AGO4LU,1
137,A276HQXYS553QW,B0014F8TIU,1
796,AY6GA8WZR3JKV,B0058YEJ5K,5
2180,A2JX7ESVMGXMJY,B005AGO4LU,2
2128,ADTQ22MUSQFIR,B005AGO4LU,5
758,A1F6LKEC43RSZM,B0058YEJ5K,5
541,A1R9CFF27RIALC,B0058YEJ5K,3
1019,A3JTZ664IGZIOK,B0014F7B98,4
2430,A2UALK0MY7S3C2,B010RRWKT4,5
165,A2EGVPBTNJI3HB,B001IKJOLW,5
248,A246RG8KSPK5XS,B001IKJOLW,5
1331,A34LYR4FWZ77CA,B009MA34NY,5
2017,A3O3KF45YVTOGY,B005AGO4LU,5
446,AD7ZF3D5JH9HL,B001IKJOLW,5
1358,A39U1R8S96YIR4,B009MA34NY,5
2145,A10WPKF2VH1JWY,B005AGO4LU,4
1329,A2HMEEX4K9UX81,B009MA34NY,5
3079,A3IO5BLF4EPZDR,B014IBJKNO,3
2150,A24DSR6Y3A08QM,B005AGO4LU,5
434,A1NBH6OGAD3BSK,B001IKJOLW,3
2122,A21M1G84SE8SOO,B005AGO4LU,5
577,A2LZMWZ1CM4PF3,B0058YEJ5K,5
2534,A1OM5S4Z9J2JQQ,B010RRWKT4,3
3146,A1T708NWV60HSO,B0014F7B98,5
1848,A3QKKFB26AZSMG,B0092UF54A,5
762,A3RP2S6J4VUA7D,B0058YEJ5K,4
388,A3BN0MRGRDKM0J,B001IKJOLW,5
235,AHFAVT1MUB29W,B001IKJOLW,4
2760,A39LISAY8SNHM,B014IBJKNO,5
1984,A2YIR9LKJO8W37,B005AGO4LU,5
267,A2XUQXG9J9SRTG,B001IKJOLW,1
770,A11D8CLU9H24YK,B0058YEJ5K,5
2165,A3B4FM5VE99X4P,B005AGO4LU,5
437,A1EWNWTJPKEO4Z,B001IKJOLW,5
673,A3T9CL6JYWAP40,B0058YEJ5K,1
249,A2JCYVQLKWULGM,B001IKJOLW,5
2201,A3F5015D4BBJM9,B005AGO4LU,4
1574,AIO1XEP0AIDQJ,B009MA34NY,5
2142,A2ZE58RF22658T,B005AGO4LU,5
2081,A2SU06VTWMFP7C,B005AGO4LU,5
3043,A2FCRNY9C46Q4H,B014IBJKNO,5
2721,A15DWAOMHKY7F2,B010RRWKT4,5
2902,AU2OMN6TEN4GA,B014IBJKNO,5
448,A3GJ2XW7W3VC5L,B001IKJOLW,5
1469,A2DDYH2QTGQ6FZ,B009MA34NY,5
716,A3T1O294HJJTUH,B0058YEJ5K,4
2541,A3W0GO31B8Y2KE,B010RRWKT4,5
2770,A2YZERYQTLB8NG,B014IBJKNO,5
2048,A22WH1BPQH7XJD,B005AGO4LU,4
1901,AD7ZF3D5JH9HL,B0092UF54A,5
1168,A2QVLSH9P0BFA6,B0014F7B98,4
82,A2VR6SWVSF6K4,B0017LD0BM,4
2692,A11JLWK8H96AU,B010RRWKT4,5
1460,AZYHPRWLMSY9O,B009MA34NY,5
1893,AXKDU1CHG7Y4,B0092UF54A,4
1668,A2GBBOXDACUA6,B0092UF54A,5
2000,A8C8Q1GQPYPR3,B005AGO4LU,4
475,A3IO5BLF4EPZDR,B001IKJOLW,3
517,A1WVSBL8J4ZESK,B0058YEJ5K,5
404,A1WK3VVSUB1FY7,B001IKJOLW,5
384,A2T47RI1J0I7JM,B001IKJOLW,5
2579,A2Q6OH5LUQXPFV,B010RRWKT4,4
2152,AJDX5KE665V0K,B005AGO4LU,5
1633,A21PLUMLST80EK,B0092UF54A,5
3026,A37OEAOYVLKYC,B014IBJKNO,5
688,A24DSR6Y3A08QM,B0058YEJ5K,5
1240,A39LISAY8SNHM,B009MA34NY,5
62,A3T8NHQYBQSV1X,B000YFSR4W,4
852,AYNXCABS73RDW,B0058YEJ5K,5
2914,A3T9CL6JYWAP40,B014IBJKNO,1
3008,A1WK3VVSUB1FY7,B014IBJKNO,5
1262,A2ILUTAAPPZY79,B009MA34NY,5
223,A22WH1BPQH7XJD,B001IKJOLW,4
2193,A3B5TYITM5FKRO,B005AGO4LU,5
373,A37K0VP2H8FKOU,B001IKJOLW,4
1824,A2O3GSYI4B5Z9H,B0092UF54A,5
2688,A3SM5XENOINDNH,B010RRWKT4,1
3037,AY6GA8WZR3JKV,B014IBJKNO,5
2751,A1DHIMM5SZGIIL,B014IBJKNO,5
3032,A9E07GS8ZV3ON,B014IBJKNO,5
9,A3W11493KS6Z2L,B000K2PJ4K,3
2497,A2XUQXG9J9SRTG,B010RRWKT4,1
1944,AYNXCABS73RDW,B0092UF54A,5
1838,A2DDYH2QTGQ6FZ,B0092UF54A,5
708,A2AEJ9NTLWD61V,B0058YEJ5K,5
255,AGVYFU0PR5IWV,B001IKJOLW,5
1617,A1OWUKMLTHKYG,B0092UF54A,5
389,AODFGQL9CC7G7,B001IKJOLW,3
1581,A14NH559TEDFQL,B009MA34NY,5
924,ACZAPPQ95QM86,B0014F7B98,5
2036,A1VXFXHDY4SRI5,B005AGO4LU,5
2664,A1NBH6OGAD3BSK,B010RRWKT4,3
1224,A2C6XHB0AEBNEG,B0014F7B98,4
1946,A15DWAOMHKY7F2,B0092UF54A,5
739,A3F5015D4BBJM9,B0058YEJ5K,4
40,ABX2R8Q6GBTJ8,B000YFSR5G,2
868,AOFQAZVA6Q6E7,B0058YEJ5K,5
539,A2ILUTAAPPZY79,B0058YEJ5K,5
2661,AUDAQGK21DH1Z,B010RRWKT4,4
1371,AN5PL4KUZS35E,B009MA34NY,5
1145,A3G2IEH99QRNYP,B0014F7B98,5
1031,A14LVJDMDABMML,B0014F7B98,5
372,A37K0VP2H8FKOU,B001IKJOLW,4
667,A1OM5S4Z9J2JQQ,B0058YEJ5K,3
357,AY9TXNLYCD9L5,B001IKJOLW,5
967,A2JCYVQLKWULGM,B0014F7B98,5
1353,A2XUQXG9J9SRTG,B009MA34NY,1
1035,A2ZE58RF22658T,B0014F7B98,5
470,A2UE1H1A7NH56P,B001IKJOLW,5
1396,A3T9CL6JYWAP40,B009MA34NY,1
2776,A1TFZVGT6J5NYZ,B014IBJKNO,5
1549,AC5WLG32YTU5K,B009MA34NY,5
1256,A1TFZVGT6J5NYZ,B009MA34NY,5
2094,AB29N6EMOFEVW,B005AGO4LU,5
1555,AV2MXVWMTERBK,B009MA34NY,5
2742,A3KAX5RZ4XH9L7,B014IBJKNO,4
1250,A2YZERYQTLB8NG,B009MA34NY,5
1699,AKG96VVJ8XANP,B0092UF54A,3
1252,A1B3W4RSJ1CJEO,B009MA34NY,5
2947,A36GUL3Z65YSIP,B014IBJKNO,4
79,A36GNVEQP92OPA,B0017LD0BM,2
1172,A2NKNE9SV2KIN2,B0014F7B98,5
814,A17SQ5GHL7FCTZ,B0058YEJ5K,3
1852,ARY4E7Y947T9P,B0092UF54A,4
2220,A1F6LKEC43RSZM,B005AGO4LU,5
2785,A3KKVVAINMZF9D,B014IBJKNO,5
2105,A38X15IJFAPHZP,B005AGO4LU,3
133,A1G0HYMR02WM2W,B000YFSR4W,3
1140,A37OEAOYVLKYC,B0014F7B98,5
933,A1UVWOQTPDSYGY,B0014F7B98,2
928,A174EEWMHB3J8N,B0014F7B98,5
823,AIIPH3GX5LWS0,B0058YEJ5K,4
1531,A1TEBP1FCCJW5V,B009MA34NY,5
1214,A2KCFRMKVHYSU7,B0014F7B98,5
504,AT5OQFDS6PEE1,B001IKJOLW,5
3138,A2BM6XH033ZQ3I,B0058YEJ5K,3
2395,A2EGVPBTNJI3HB,B010RRWKT4,5
1996,A1TFZVGT6J5NYZ,B005AGO4LU,5
2434,ATHL3S7ZD436V,B010RRWKT4,4
1958,A1AWX0M8R6A2I1,B0092UF54A,5
1384,AU2OMN6TEN4GA,B009MA34NY,5
894,A2ILUTAAPPZY79,B0014F7B98,5
828,A2YPMEQ0QQ2I50,B0058YEJ5K,3
3089,A1AS1520CGYJ79,B014IBJKNO,5
2523,A29K85C92Z8HGR,B010RRWKT4,4
1683,A14LN0R1PQA5WI,B0092UF54A,4
2727,A10RXRZE0TAKPU,B010RRWKT4,4
2711,A3LJ4LLR2UX4CB,B010RRWKT4,5
2663,AY6GA8WZR3JKV,B010RRWKT4,5
652,A3O0UBMD8CSF1V,B0058YEJ5K,5
172,A1CKPC88NHMYGR,B001IKJOLW,5
38,A2BFZUQ2XV535H,B000YFSR5G,5
3028,A1DF4MM3K93J0W,B014IBJKNO,4
713,ADLAYE3PNYFJM,B0058YEJ5K,5
90,A3GJ3DJU1RXOHN,B000YFSR4W,4
3126,AHZ8GGXF4BCNP,B001IKJOLW,5
1205,A1X1DXP9HGXG27,B0014F7B98,5
2622,ADJRDVMENHF0J,B010RRWKT4,5
2738,AZRZ2FB7CFNOE,B010RRWKT4,5
1827,A37K0VP2H8FKOU,B0092UF54A,4
1155,A1EWNWTJPKEO4Z,B0014F7B98,5
1324,A2620Z0QR2OFYC,B009MA34NY,5
216,A18530DRJJ0QAF,B001IKJOLW,5
510,A2J9WEIRNVTX61,B001LNSY2Q,3
1680,A3OP70LPLALBKN,B0092UF54A,5
499,A1SC6HVU28ND3D,B001IKJOLW,5
2628,A8DR2Z71DERN0,B010RRWKT4,1
1856,A2AXI9WHORKU6X,B0092UF54A,5
1388,A2JOUOASELY1XR,B009MA34NY,5
1519,AY6GA8WZR3JKV,B009MA34NY,5
2386,A2BM6XH033ZQ3I,B010RRWKT4,3
2883,A38BS1VCQ4XSGV,B014IBJKNO,5
2076,AQWZQKD0N851T,B005AGO4LU,5
1540,A2NKNE9SV2KIN2,B009MA34NY,5
1217,A1SC6HVU28ND3D,B0014F7B98,5
1416,AASAT3YLO3WTB,B009MA34NY,5
2217,ADJRDVMENHF0J,B005AGO4LU,5
2670,AJWSFNS4F87M6,B010RRWKT4,3
1676,AERFS3FMQJJ9L,B0092UF54A,3
1197,AS378UOMHULXO,B0014F7B98,5
1542,A218T4MO2D9DF3,B009MA34NY,5
2539,A9C9408H23DRM,B010RRWKT4,5
953,AHFAVT1MUB29W,B0014F7B98,4
750,A2JD3RN8JCO62Z,B0058YEJ5K,2
234,A10Z8PKPUJ7YHO,B001IKJOLW,3
732,A2O3GSYI4B5Z9H,B0058YEJ5K,5
3166,A311XHHLM12MUT,B0092UF54A,5
1156,AXKDU1CHG7Y4,B0014F7B98,4
2726,A2KCFRMKVHYSU7,B010RRWKT4,5
2445,A1UVWOQTPDSYGY,B010RRWKT4,2
1209,A15DWAOMHKY7F2,B0014F7B98,5
1065,A2IFCGU2IQ6KAV,B0014F7B98,4
2156,A1RNS06YMZXM0K,B005AGO4LU,4
1062,AT72GRKOXVE25,B0014F7B98,5
1167,A1X1ZJUOWLSFPG,B0014F7B98,5
1492,A199ICSPL9EXJ5,B009MA34NY,1
2623,A3QKKFB26AZSMG,B010RRWKT4,5
884,A1B3W4RSJ1CJEO,B0014F7B98,5
143,A36GNVEQP92OPA,B0017LD0BM,2
3113,A4M7JTCBXRAT3,B014IBJKNO,3
850,A1X1DXP9HGXG27,B0058YEJ5K,5
717,A3EOYFVP68048C,B0058YEJ5K,5
3009,A3KWGJH9EBRLE8,B014IBJKNO,4
2502,A39U1R8S96YIR4,B010RRWKT4,5
264,A2ORP5RT8NQ0Q7,B001IKJOLW,5
75,A276HQXYS553QW,B0014F8TIU,4
2492,AM9TTLTT6DR1W,B010RRWKT4,4
395,A1F6LKEC43RSZM,B001IKJOLW,5
2698,A3R2PQ01UGPDOX,B010RRWKT4,5
2224,A3RP2S6J4VUA7D,B005AGO4LU,4
2966,A2KMWD77XBGZ8K,B014IBJKNO,5
396,A3BZKR332FQEP8,B001IKJOLW,5
1365,A38BS1VCQ4XSGV,B009MA34NY,5
2650,A3PTZ7IHGU9BA8,B010RRWKT4,1
1903,A3GJ2XW7W3VC5L,B0092UF54A,5
595,A3M69Q5SNV7U0X,B0058YEJ5K,2
2109,APWLFTPOXQCCG,B005AGO4LU,5
1296,A174EEWMHB3J8N,B009MA34NY,5
1821,A3LBTMJ453T4W6,B0092UF54A,3
872,ATS6HOUGOVX0D,B0014F7B98,5
3080,A26TU9F2BSPSGT,B014IBJKNO,5
2326,AVHVZJ5HB6FSK,B005AGO4LU,4
1548,A11JLWK8H96AU,B009MA34NY,5
36,A1G0HYMR02WM2W,B000YFSR5G,3
2678,A3GJ2XW7W3VC5L,B010RRWKT4,5
2143,AT7UEQ7UJB0RU,B005AGO4LU,5
2709,AS378UOMHULXO,B010RRWKT4,5
977,ABONZZSS8YG3K,B0014F7B98,5
1571,A1AS1520CGYJ79,B009MA34NY,5
1122,A1WK3VVSUB1FY7,B0014F7B98,5
2239,A3LWEZO2OWFJX5,B005AGO4LU,5
2504,A3LGYYLGO2KJOE,B010RRWKT4,5
1892,A1EWNWTJPKEO4Z,B0092UF54A,5
675,A3GQXGVAIH5EU4,B0058YEJ5K,5
728,A2AAABWQUYH26V,B0058YEJ5K,4
412,A2JMHGCCBZPYP4,B001IKJOLW,5
1516,A1223JGQ0GRSPT,B009MA34NY,5
1649,A2ZGEESHHGFZKL,B0092UF54A,5
825,A11JLWK8H96AU,B0058YEJ5K,5
616,AGT48Z76ZQSQU,B0058YEJ5K,5
114,A26TEJJ6YOGWMZ,B000YFSR5G,2
417,ASEXDKPTYY14D,B001IKJOLW,5
1625,A1CIQ2ULKB933A,B0092UF54A,3
2652,A37OEAOYVLKYC,B010RRWKT4,5
3109,AOFQAZVA6Q6E7,B014IBJKNO,5
89,AGZ5OOZVDO194,B000YFSR5G,5
2082,AVZB7UFLT6VD,B005AGO4LU,5
753,A13P82MG3XFWV1,B0058YEJ5K,5
2546,A12FBA7DCFE5W7,B010RRWKT4,5
1630,A8C8Q1GQPYPR3,B0092UF54A,4
11,AW8UBYMNJ894V,B000KPIHQ4,2
2444,A2LZMWZ1CM4PF3,B010RRWKT4,5
284,APWLFTPOXQCCG,B001IKJOLW,5
1066,A2AGT9INDKDK6B,B0014F7B98,5
1191,AIM9MWMG87AWG,B0014F7B98,5
1440,A3EOYFVP68048C,B009MA34NY,5
2968,A1ZR8LQHUOUFJP,B014IBJKNO,3
2967,A25SOIZ0IZE1YY,B014IBJKNO,5
2871,A2XUQXG9J9SRTG,B014IBJKNO,1
1568,A34WSGSH5OBAM2,B009MA34NY,5
2427,A3RNGBSBRJ3YAQ,B010RRWKT4,5
2730,AJDH2WVLX79KA,B010RRWKT4,5
1687,A3M69Q5SNV7U0X,B0092UF54A,2
851,AIO1XEP0AIDQJ,B0058YEJ5K,5
2207,A1EE1EP2G0HKQ,B005AGO4LU,5
895,A21PLUMLST80EK,B0014F7B98,5
496,A2KCFRMKVHYSU7,B001IKJOLW,5
2305,A3QX1A6IPFQTN9,B005AGO4LU,5
1782,AJDX5KE665V0K,B0092UF54A,5
335,A2ZMHBMNYFXOX7,B001IKJOLW,4
515,A4M7JTCBXRAT3,B0058YEJ5K,3
1348,AM9TTLTT6DR1W,B009MA34NY,4
1015,A21M1G84SE8SOO,B0014F7B98,5
2975,A1LLDHUO4OLXYI,B014IBJKNO,5
2970,A3LBTMJ453T4W6,B014IBJKNO,3
1781,A1E4Y7BABMEA03,B0092UF54A,5
2569,A3S1CGGMXE41RR,B010RRWKT4,5
1785,AASAT3YLO3WTB,B0092UF54A,5
2070,A34LYR4FWZ77CA,B005AGO4LU,5
356,A2K5ZBX75J80TX,B001IKJOLW,1
3019,A1IR4GED6BXNSR,B014IBJKNO,5
1312,A1BN6I0B2OF7WB,B009MA34NY,1
1635,A3KKVVAINMZF9D,B0092UF54A,5
550,A6CXK8NXD50R2,B0058YEJ5K,1
2388,A2YIR9LKJO8W37,B010RRWKT4,5
2479,A2JCYVQLKWULGM,B010RRWKT4,5
2521,A3I0ZDRING4F8W,B010RRWKT4,5
2265,AJWSFNS4F87M6,B005AGO4LU,3
1227,A4M7JTCBXRAT3,B0014F7B98,3
2838,A2GOOFFNUI20XI,B014IBJKNO,5
957,A312BTXKFHK927,B0014F7B98,5
1773,AT7UEQ7UJB0RU,B0092UF54A,5
2141,A12FBA7DCFE5W7,B005AGO4LU,5
1008,A184AKBVD3WI86,B0014F7B98,3
1092,AZYHPRWLMSY9O,B0014F7B98,5
2832,A2PYQN4T4LV0NP,B014IBJKNO,5
996,A177WB7O660HS8,B0014F7B98,5
1679,A3OP70LPLALBKN,B0092UF54A,5
153,AZRZ2FB7CFNOE,B001IKJOLW,5
2949,A2AEJ9NTLWD61V,B014IBJKNO,5
580,A2LSGH30A8AN2Y,B0058YEJ5K,3
1470,A2T47RI1J0I7JM,B009MA34NY,5
703,A3B4FM5VE99X4P,B0058YEJ5K,5
1212,A2G9JO5SZ3GUXH,B0014F7B98,5
896,A1R9CFF27RIALC,B0014F7B98,3
487,A1X1DXP9HGXG27,B001IKJOLW,5
559,A3E05IUHHCTRJC,B0058YEJ5K,5
1141,A1QGX3IWOHIZYA,B0014F7B98,4
1119,A2AXI9WHORKU6X,B0014F7B98,5
512,A2C6XHB0AEBNEG,B0058YEJ5K,4
633,A2Y2IKO63FNHQE,B0058YEJ5K,3
2737,A3UMNRR89DIZRM,B010RRWKT4,4
1664,A3U0BBRU2Q85LE,B0092UF54A,3
1012,AE6W48FPMKO4L,B0014F7B98,3
1931,A26TU9F2BSPSGT,B0092UF54A,5
1150,ATSUXY7ASCGPY,B0014F7B98,4
2972,A3B5TYITM5FKRO,B014IBJKNO,5
116,A2UUEV4MYOJY66,B000YFSR5G,4
740,ABKS5CX4GI72B,B0058YEJ5K,5
2927,A1P2JWDZ4SFW78,B014IBJKNO,5
1974,ATS6HOUGOVX0D,B005AGO4LU,5
1081,A25SOIZ0IZE1YY,B0014F7B98,5
1810,A2JX7ESVMGXMJY,B0092UF54A,2
830,A2S1234WV0NH27,B0058YEJ5K,5
119,A2ON4RYI9Z4SQ,B000YFSR4W,5
656,A29K85C92Z8HGR,B0058YEJ5K,4
2895,A3I0ZDRING4F8W,B014IBJKNO,5
2850,A34LYR4FWZ77CA,B014IBJKNO,5
3101,A10RXRZE0TAKPU,B014IBJKNO,4
635,A39U1R8S96YIR4,B0058YEJ5K,5
369,A2O3GSYI4B5Z9H,B001IKJOLW,5
268,A2R0RL0TF6E9VC,B001IKJOLW,5
2703,AIM9MWMG87AWG,B010RRWKT4,5
46,A26TEJJ6YOGWMZ,B000YFSR5G,2
991,A1Z37N7XE7FRD2,B0014F7B98,5
876,A2YIR9LKJO8W37,B0014F7B98,5
773,A62VUJ6MUZU6M,B0058YEJ5K,5
1219,AVHVZJ5HB6FSK,B0014F7B98,4
1126,A3A90ECS7ALV4T,B0014F7B98,5
4,ALJ66O1Y6SLHA,B000K2PJ4K,5
1595,A4M7JTCBXRAT3,B009MA34NY,3
2311,AIP4C9MG13COB,B005AGO4LU,5
3040,A2RI4IA5982B8I,B014IBJKNO,4
2491,A1NTI9B7VY30JM,B010RRWKT4,5
1077,AEUUYBIO73RLA,B0014F7B98,5
837,AK1X6JAJ2L389,B0058YEJ5K,5
681,AT7UEQ7UJB0RU,B0058YEJ5K,5
1715,A2T8BWOO7BFBWY,B0092UF54A,5
2352,A1Z8U8IPBLBEU5,B00ND9047Y,5
2617,A2JD3RN8JCO62Z,B010RRWKT4,2
2361,A1QL6WZ4EJAUTD,B00RLSCLJM,5
2197,A37K0VP2H8FKOU,B005AGO4LU,4
1148,A1223JGQ0GRSPT,B0014F7B98,5
574,A1VXFXHDY4SRI5,B0058YEJ5K,5
50,A26TEJJ6YOGWMZ,B000YFSR5G,2
853,A2X2KP4XXM06OU,B0058YEJ5K,5
1982,A2BM6XH033ZQ3I,B005AGO4LU,3
1823,A3B5TYITM5FKRO,B0092UF54A,5
833,A2UE1H1A7NH56P,B0058YEJ5K,5
1115,ARY4E7Y947T9P,B0014F7B98,4
1166,A3GJ2XW7W3VC5L,B0014F7B98,5
2518,A1LCV2UNXGHB0W,B010RRWKT4,5
1906,A17SQ5GHL7FCTZ,B0092UF54A,3
971,AGT48Z76ZQSQU,B0014F7B98,5
2701,A36XF6818PQ4DJ,B010RRWKT4,5
399,A3RP2S6J4VUA7D,B001IKJOLW,4
2559,A3D71DQPAAI6O4,B010RRWKT4,5
2368,A2YI41MCJB2QCV,B010RRWKT4,3
19,A265UZVOZWTTXQ,B000V0IBDM,5
684,A2ABEGA0S52R5E,B0058YEJ5K,4
35,A3T8NHQYBQSV1X,B000YFSR5G,4
2996,ADJRDVMENHF0J,B014IBJKNO,5
524,A1OWUKMLTHKYG,B0058YEJ5K,5
2455,A3OP70LPLALBKN,B010RRWKT4,5
920,A3VGHF7VNFBMCQ,B0014F7B98,5
1841,ADUWEIS0CHJV8,B0092UF54A,4
1890,A3DIMXA53RL7P,B0092UF54A,5
537,A8C8Q1GQPYPR3,B0058YEJ5K,4
1705,A1EF7YWCNN7E9K,B0092UF54A,5
3100,A2KCFRMKVHYSU7,B014IBJKNO,5
245,A34LYR4FWZ77CA,B001IKJOLW,5
784,AZ7P3NH09B66S,B0058YEJ5K,5
1409,A1P2JWDZ4SFW78,B009MA34NY,5
2537,A4GR8SDFRBSDV,B010RRWKT4,5
154,A4M7JTCBXRAT3,B001IKJOLW,3
1686,A3PZ1TJ71WPLXV,B0092UF54A,4
625,AM9TTLTT6DR1W,B0058YEJ5K,4
2733,A1AWX0M8R6A2I1,B010RRWKT4,5
3044,AJWSFNS4F87M6,B014IBJKNO,3
1346,A2T8BWOO7BFBWY,B009MA34NY,5
569,ACZAPPQ95QM86,B0058YEJ5K,5
3102,A22WG2NE4D47UM,B014IBJKNO,5
1758,ADTQ22MUSQFIR,B0092UF54A,5
1816,A140XVPLRQYKYY,B0092UF54A,4
2065,A30HFZ2FW8CQBI,B005AGO4LU,5
127,A1G0HYMR02WM2W,B000YFSR4W,3
3151,A3331XPWE0QR9O,B009MA34NY,5
2006,AHQZL3LSIR57E,B005AGO4LU,5
980,AM9TTLTT6DR1W,B0014F7B98,4
3148,A39LISAY8SNHM,B0014F7B98,5
190,A16BGUHQH20CIP,B001IKJOLW,5
1139,AZ7P3NH09B66S,B0014F7B98,5
992,A3LGYYLGO2KJOE,B0014F7B98,5
699,A1K0VEMIB5QF7I,B0058YEJ5K,5
606,A2HMEEX4K9UX81,B0058YEJ5K,5
180,AHQZL3LSIR57E,B001IKJOLW,5
301,A3JTZ664IGZIOK,B001IKJOLW,4
2544,AJWKZNI5VHW86,B010RRWKT4,4
2942,A2IAB9QOQH3IA6,B014IBJKNO,5
1060,AFD4WKNPLPS3I,B0014F7B98,5
2986,A1EE1EP2G0HKQ,B014IBJKNO,5
3046,A2CP5A30XO5JUO,B014IBJKNO,5
2565,A2ZMHBMNYFXOX7,B010RRWKT4,4
1069,AZ7LUSY20ZFSC,B0014F7B98,5
2524,AE6W48FPMKO4L,B010RRWKT4,3
2205,A3JGWZXFBDENRB,B005AGO4LU,3
1243,A2N97FVE233YZ4,B009MA34NY,5
16,A265UZVOZWTTXQ,B000KPIHQ4,5
3154,A2IBS6PIPAGAB5,B009MA34NY,5
546,A3UTTXFSBNV2V7,B0058YEJ5K,5
658,AKY3EYDEZVW6C,B0058YEJ5K,5
2864,A2T8BWOO7BFBWY,B014IBJKNO,5
2898,AE6W48FPMKO4L,B014IBJKNO,3
1504,AEHOCC2S72M38,B009MA34NY,5
959,AF70T61UO8MCD,B0014F7B98,5
2331,A2C6XHB0AEBNEG,B005AGO4LU,4
797,A1NBH6OGAD3BSK,B0058YEJ5K,3
225,A3OP70LPLALBKN,B001IKJOLW,5
2074,A2JCYVQLKWULGM,B005AGO4LU,5
1799,AT72GRKOXVE25,B0092UF54A,5
2485,AGVYFU0PR5IWV,B010RRWKT4,5
3134,A1T708NWV60HSO,B0058YEJ5K,5
2277,A2JYB3OMH5QEBV,B005AGO4LU,4
2085,A2T8BWOO7BFBWY,B005AGO4LU,5
1693,A2620Z0QR2OFYC,B0092UF54A,5
2797,A3O3KF45YVTOGY,B014IBJKNO,5
1045,AJDX5KE665V0K,B0014F7B98,5
469,AV2MXVWMTERBK,B001IKJOLW,5
954,A10X6EMVZGVX9E,B0014F7B98,5
3150,A2BM6XH033ZQ3I,B0014F7B98,3
2735,AOFQAZVA6Q6E7,B010RRWKT4,5
639,A9KR8PT0Z47CL,B0058YEJ5K,3
3116,A3VGHF7VNFBMCQ,B016XAJLVO,5
1218,AJDH2WVLX79KA,B0014F7B98,5
1158,AJWSFNS4F87M6,B0014F7B98,3
1415,A3D71DQPAAI6O4,B009MA34NY,5
2875,A1OK7HI3YI9682,B014IBJKNO,5
1527,A2KGKIJ528667I,B009MA34NY,3
3090,AIP4C9MG13COB,B014IBJKNO,5
1300,A2LZMWZ1CM4PF3,B009MA34NY,5
3034,A1223JGQ0GRSPT,B014IBJKNO,5
2848,A2HMEEX4K9UX81,B014IBJKNO,5
1603,A3R09ZAUTB2PUU,B0092UF54A,5
160,A3ONF0JD2UBP54,B001IKJOLW,5
1704,A2JCYVQLKWULGM,B0092UF54A,5
956,A2620Z0QR2OFYC,B0014F7B98,5
2869,A5Z3UGOPDBJPW,B014IBJKNO,5
3084,A3QX1A6IPFQTN9,B014IBJKNO,5
877,A3NAUSUOBMW1XH,B0014F7B98,3
1919,A2MIBT81MX859C,B0092UF54A,5
1884,ACDIEMICS7XGC,B0092UF54A,5
2200,A1GZ9Z5M3Q4FDK,B005AGO4LU,5
98,A2NEJIX5NIH2ZZ,B000YFSR5G,3
2994,A13P82MG3XFWV1,B014IBJKNO,5
2557,AJDX5KE665V0K,B010RRWKT4,5
253,AGT48Z76ZQSQU,B001IKJOLW,5
103,ABX2R8Q6GBTJ8,B000YFSR5G,2
1445,AEUUYBIO73RLA,B009MA34NY,5
1443,AY9TXNLYCD9L5,B009MA34NY,5
1648,A3TLWN2BRF1QH5,B0092UF54A,5
586,A22WH1BPQH7XJD,B0058YEJ5K,4
627,A2ORP5RT8NQ0Q7,B0058YEJ5K,5
1696,AF70T61UO8MCD,B0092UF54A,5
2101,A9KR8PT0Z47CL,B005AGO4LU,3
2199,AZYHPRWLMSY9O,B005AGO4LU,5
403,A38Z4KJHHVY0AU,B001IKJOLW,5
1154,A2RI4IA5982B8I,B0014F7B98,4
2255,A1223JGQ0GRSPT,B005AGO4LU,5
2863,ABONZZSS8YG3K,B014IBJKNO,5
1682,A2PYQN4T4LV0NP,B0092UF54A,5
2056,A3PZ1TJ71WPLXV,B005AGO4LU,4
3011,A11D8CLU9H24YK,B014IBJKNO,5
452,A2JYB3OMH5QEBV,B001IKJOLW,4
2301,A26TU9F2BSPSGT,B005AGO4LU,5
1327,AF70T61UO8MCD,B009MA34NY,5
2049,A3OP70LPLALBKN,B005AGO4LU,5
880,A1VH37JYIIHE3F,B0014F7B98,5
3087,A2QJWHL4HY9FMF,B014IBJKNO,3
623,A2T8BWOO7BFBWY,B0058YEJ5K,5
2393,AOZHQ15OKY2ZT,B010RRWKT4,3
2937,A17DW041T4X7TJ,B014IBJKNO,5
1787,A21SV1XYXF2GK,B0092UF54A,4
262,AM9TTLTT6DR1W,B001IKJOLW,4
1634,A1R9CFF27RIALC,B0092UF54A,3
1438,A1L7TD1CZQDK6R,B009MA34NY,5
2198,A37K0VP2H8FKOU,B005AGO4LU,4
1969,A3KAX5RZ4XH9L7,B005AGO4LU,4
2520,A184AKBVD3WI86,B010RRWKT4,3
1802,A2IFCGU2IQ6KAV,B0092UF54A,4
640,A1AUEUD7NP1LUC,B0058YEJ5K,5
2385,A1A8RABZPTD7HL,B010RRWKT4,3
2598,A3B5TYITM5FKRO,B010RRWKT4,5
2997,A3QKKFB26AZSMG,B014IBJKNO,5
1959,AT5OQFDS6PEE1,B0092UF54A,5
488,AIO1XEP0AIDQJ,B001IKJOLW,5
1843,A3BN0MRGRDKM0J,B0092UF54A,5
1734,A38BS1VCQ4XSGV,B0092UF54A,5
2911,A4GR8SDFRBSDV,B014IBJKNO,5
146,A2VR6SWVSF6K4,B0017LD0BM,4
1534,A3GJ2XW7W3VC5L,B009MA34NY,5
1986,AHZ8GGXF4BCNP,B005AGO4LU,5
1369,A23H50RT6SLXY9,B009MA34NY,4
2450,A2PWOO618R3IKJ,B010RRWKT4,5
3106,AG8MPE8CQAPM7,B014IBJKNO,4
2811,A36T5MSMYI9F3C,B014IBJKNO,5
659,A1GQ2TRY8J631M,B0058YEJ5K,5
1794,A3S1CGGMXE41RR,B0092UF54A,5
2511,A1OFFB5DLIHH41,B010RRWKT4,5
186,A2P6I9PGAVEW6E,B001IKJOLW,5
1147,ACDIEMICS7XGC,B0014F7B98,5
608,A34LYR4FWZ77CA,B0058YEJ5K,5
2191,A3LBTMJ453T4W6,B005AGO4LU,3
2799,A2ZGEESHHGFZKL,B014IBJKNO,5
1930,A3IO5BLF4EPZDR,B0092UF54A,3
197,A3RNGBSBRJ3YAQ,B001IKJOLW,5
2931,AJDX5KE665V0K,B014IBJKNO,5
2327,AG8MPE8CQAPM7,B005AGO4LU,4
293,A29K85C92Z8HGR,B001IKJOLW,4
766,A38Z4KJHHVY0AU,B0058YEJ5K,5
400,A34NDY5V71MVJ6,B001IKJOLW,5
122,A1EZN3E9R322YJ,B000YFSR4W,5
202,A3VGHF7VNFBMCQ,B001IKJOLW,5
835,A2SF88GW3AWEFK,B0058YEJ5K,3
2294,AV2MXVWMTERBK,B005AGO4LU,5
1439,A3T1O294HJJTUH,B009MA34NY,4
1733,A177WB7O660HS8,B0092UF54A,5
1695,A30HFZ2FW8CQBI,B0092UF54A,5
3097,A1OOBIVO3APP7E,B014IBJKNO,5
1707,A3V6I3EA3X3SCE,B0092UF54A,5
3082,A2GXUQFUWMZ2FH,B014IBJKNO,5
1153,A3DIMXA53RL7P,B0014F7B98,5
1661,A36T5MSMYI9F3C,B0092UF54A,5
2432,A3VGHF7VNFBMCQ,B010RRWKT4,5
1759,A1OM5S4Z9J2JQQ,B0092UF54A,3
854,A15DWAOMHKY7F2,B0058YEJ5K,5
1589,A1AWX0M8R6A2I1,B009MA34NY,5
2267,A2CP5A30XO5JUO,B005AGO4LU,5
641,A177WB7O660HS8,B0058YEJ5K,5
1,ALJ66O1Y6SLHA,B000K2PJ4K,5
2160,A2ZMHBMNYFXOX7,B005AGO4LU,4
698,A2ZMHBMNYFXOX7,B0058YEJ5K,4
1636,AHQZL3LSIR57E,B0092UF54A,5
1291,A36T5MSMYI9F3C,B009MA34NY,5
3023,A1R7S4XNZLSLBH,B014IBJKNO,2
2489,ABONZZSS8YG3K,B010RRWKT4,5
1520,A1NBH6OGAD3BSK,B009MA34NY,3
1853,A8DR2Z71DERN0,B0092UF54A,1
1136,AEHOCC2S72M38,B0014F7B98,5
3067,AC5WLG32YTU5K,B014IBJKNO,5
1631,A3RHNGQAZWUX01,B0092UF54A,5
1998,A1CKPC88NHMYGR,B005AGO4LU,5
663,A3B23RZXRXYT9Q,B0058YEJ5K,5
683,A10WPKF2VH1JWY,B0058YEJ5K,4
1257,A2IJJUO99LXIXG,B009MA34NY,5
317,A2ZE58RF22658T,B001IKJOLW,5
648,AN5PL4KUZS35E,B0058YEJ5K,5
1434,A2AGT9INDKDK6B,B009MA34NY,5
1479,A3QKKFB26AZSMG,B009MA34NY,5
709,AWEIW3G1E0MKO,B0058YEJ5K,5
1282,A3E05IUHHCTRJC,B009MA34NY,5
1768,A14LVJDMDABMML,B0092UF54A,5
972,A2W3B4YHP3HZ9R,B0014F7B98,5
2675,A1TEBP1FCCJW5V,B010RRWKT4,5
2680,A2QVLSH9P0BFA6,B010RRWKT4,4
1306,A2PWOO618R3IKJ,B009MA34NY,5
1400,AJWKZNI5VHW86,B009MA34NY,4
1408,ADD8OMIBXZ89G,B009MA34NY,3
2237,A2JMHGCCBZPYP4,B005AGO4LU,5
1496,A62VUJ6MUZU6M,B009MA34NY,5
2038,A2GBBOXDACUA6,B005AGO4LU,5
1529,A6IYTCB1PQ6NR,B009MA34NY,3
1663,A23TE15JI8Q2YQ,B0092UF54A,1
1354,A2R0RL0TF6E9VC,B009MA34NY,5
3093,AYNXCABS73RDW,B014IBJKNO,5
3115,AGZ5OOZVDO194,B01595OS62,5
1643,A6CXK8NXD50R2,B0092UF54A,1
1051,A17DW041T4X7TJ,B0014F7B98,5
795,ATSUXY7ASCGPY,B0058YEJ5K,4
2693,AC5WLG32YTU5K,B010RRWKT4,5
1597,A1WVSBL8J4ZESK,B009MA34NY,5
2604,AZYHPRWLMSY9O,B010RRWKT4,5
2729,A1SC6HVU28ND3D,B010RRWKT4,5
2625,A1F6LKEC43RSZM,B010RRWKT4,5
1819,A1ZR8LQHUOUFJP,B0092UF54A,3
1722,A2XUQXG9J9SRTG,B0092UF54A,1
1183,A2YPMEQ0QQ2I50,B0014F7B98,3
2572,AFD4WKNPLPS3I,B010RRWKT4,5
1059,AKJVCU7H1KDWI,B0014F7B98,5
540,A21PLUMLST80EK,B0058YEJ5K,5
1678,A22WH1BPQH7XJD,B0092UF54A,4
2796,A16BGUHQH20CIP,B014IBJKNO,5
3057,A717DJ1DZRTC5,B014IBJKNO,3
2532,A2JOUOASELY1XR,B010RRWKT4,5
1757,A2JOUOASELY1XR,B0092UF54A,5
1923,A3R2PQ01UGPDOX,B0092UF54A,5
95,A1EZN3E9R322YJ,B000YFSR5G,5
1020,A2JOUOASELY1XR,B0014F7B98,5
563,A2UALK0MY7S3C2,B0058YEJ5K,5
2790,A2QPBIA0HKEL96,B014IBJKNO,5
863,AJDH2WVLX79KA,B0058YEJ5K,5
1484,A8DR2Z71DERN0,B009MA34NY,1
2939,A2ZMHBMNYFXOX7,B014IBJKNO,4
1881,A1OZMZ4FLR5UPW,B0092UF54A,5
1038,A10WPKF2VH1JWY,B0014F7B98,4
206,ACZAPPQ95QM86,B001IKJOLW,5
392,ADJRDVMENHF0J,B001IKJOLW,5
2842,A3JPU96NVWGUF5,B014IBJKNO,4
870,A3R09ZAUTB2PUU,B0014F7B98,5
397,ARY4E7Y947T9P,B001IKJOLW,4
2814,AC5PPX3XLCZN1,B014IBJKNO,5
3050,AD7ZF3D5JH9HL,B014IBJKNO,5
1028,A3T9CL6JYWAP40,B0014F7B98,1
2690,AIIPH3GX5LWS0,B010RRWKT4,4
1485,A3RP2S6J4VUA7D,B009MA34NY,4
2660,A1223JGQ0GRSPT,B010RRWKT4,5
960,AJX8JEGB4Z8AI,B0014F7B98,5
1570,AXVYVUK058AM3,B009MA34NY,5
2773,A3P9DECTULU1B3,B014IBJKNO,5
1895,AJWSFNS4F87M6,B0092UF54A,3
2731,AVHVZJ5HB6FSK,B010RRWKT4,4
2146,A2ABEGA0S52R5E,B005AGO4LU,4
804,A2KGKIJ528667I,B0058YEJ5K,3
1751,A1GQ2TRY8J631M,B0092UF54A,5
2454,A3OP70LPLALBKN,B010RRWKT4,5
502,AG8MPE8CQAPM7,B001IKJOLW,4
2977,A37K0VP2H8FKOU,B014IBJKNO,4
779,A9MNC403IAKFS,B0058YEJ5K,2
1863,A3A90ECS7ALV4T,B0092UF54A,5
200,A2UALK0MY7S3C2,B001IKJOLW,5
2182,AY9TXNLYCD9L5,B005AGO4LU,5
2088,AP8CWOZ30P4GH,B005AGO4LU,1
2278,A717DJ1DZRTC5,B005AGO4LU,3
1796,AKJVCU7H1KDWI,B0092UF54A,5
378,A2A1WECA7Y5UPN,B001IKJOLW,4
2336,A1WVSBL8J4ZESK,B005AGO4LU,5
418,AEHOCC2S72M38,B001IKJOLW,5
1698,A2HMEEX4K9UX81,B0092UF54A,5
391,A8I41EKH4UI1Y,B001IKJOLW,5
2640,A62VUJ6MUZU6M,B010RRWKT4,5
1522,A2RI4IA5982B8I,B009MA34NY,4
1162,A3CXL2P49AQQRH,B0014F7B98,5
1495,A1LLX8PMQSAUHT,B009MA34NY,5
2695,A2YPMEQ0QQ2I50,B010RRWKT4,3
2027,A5JF4EQ9MQC78,B005AGO4LU,5
1152,A1NBH6OGAD3BSK,B0014F7B98,3
1367,A1OFFB5DLIHH41,B009MA34NY,5
2568,A2IAB9QOQH3IA6,B010RRWKT4,5
64,A2BFZUQ2XV535H,B000YFSR4W,5
2062,A3JPU96NVWGUF5,B005AGO4LU,4
1180,A11JLWK8H96AU,B0014F7B98,5
492,A2P87PVYP2KLT6,B001IKJOLW,4
379,A3PRZ9ESGB2KPU,B001IKJOLW,5
2235,A62VUJ6MUZU6M,B005AGO4LU,5
763,A34NDY5V71MVJ6,B0058YEJ5K,5
2264,A2FCRNY9C46Q4H,B005AGO4LU,5
791,A9E07GS8ZV3ON,B0058YEJ5K,5
1076,A9MOCNHJD03PI,B0014F7B98,5
878,AHZ8GGXF4BCNP,B0014F7B98,5
337,A135KOM855ZA5,B001IKJOLW,5
2767,A1OWUKMLTHKYG,B014IBJKNO,5
2343,A1QL6WZ4EJAUTD,B00G8Q7JZ4,5
1016,AU2OMN6TEN4GA,B0014F7B98,5
1275,A2RZ3T3ECENTMO,B009MA34NY,5
455,AZ3KLARHNWMNZ,B001IKJOLW,5
815,A2JYB3OMH5QEBV,B0058YEJ5K,4
2317,A2P87PVYP2KLT6,B005AGO4LU,4
995,A1AUEUD7NP1LUC,B0014F7B98,5
1981,A1A8RABZPTD7HL,B005AGO4LU,3
201,A5JF4EQ9MQC78,B001IKJOLW,5
161,A3R09ZAUTB2PUU,B001IKJOLW,5
1579,A1OOBIVO3APP7E,B009MA34NY,5
2777,A2IJJUO99LXIXG,B014IBJKNO,5
2449,A1DX2WRQ2ZHAEK,B010RRWKT4,5
702,A3S1CGGMXE41RR,B0058YEJ5K,5
1500,A3LWEZO2OWFJX5,B009MA34NY,5
1129,A37RTXMIC21YOH,B0014F7B98,5
2613,A2DDYH2QTGQ6FZ,B010RRWKT4,5
1021,ADTQ22MUSQFIR,B0014F7B98,5
3073,AV2MXVWMTERBK,B014IBJKNO,5
1585,A1SC6HVU28ND3D,B009MA34NY,5
1955,AJDH2WVLX79KA,B0092UF54A,5
2253,A9E07GS8ZV3ON,B005AGO4LU,5
34,A2NEJIX5NIH2ZZ,B000YFSR5G,3
775,A2JMHGCCBZPYP4,B0058YEJ5K,5
2556,A1E4Y7BABMEA03,B010RRWKT4,5
1478,ADJRDVMENHF0J,B009MA34NY,5
3003,A3RP2S6J4VUA7D,B014IBJKNO,4
1390,A1OM5S4Z9J2JQQ,B009MA34NY,3
2139,AJWKZNI5VHW86,B005AGO4LU,4
1363,A1AUEUD7NP1LUC,B009MA34NY,5
2945,AKJVCU7H1KDWI,B014IBJKNO,5
2612,A1EE1EP2G0HKQ,B010RRWKT4,5
2824,A1LKTJ6HKH077C,B014IBJKNO,5
2041,A18530DRJJ0QAF,B005AGO4LU,5
241,AF70T61UO8MCD,B001IKJOLW,5
2061,A10X6EMVZGVX9E,B005AGO4LU,5
2363,A2ON4RYI9Z4SQ,B00ZUA6AJK,3
600,A3JPU96NVWGUF5,B0058YEJ5K,4
2435,A36T5MSMYI9F3C,B010RRWKT4,5
1297,A1VXFXHDY4SRI5,B009MA34NY,5
2214,AODFGQL9CC7G7,B005AGO4LU,3
2888,APWLFTPOXQCCG,B014IBJKNO,5
2068,A2HMEEX4K9UX81,B005AGO4LU,5
646,A23H50RT6SLXY9,B0058YEJ5K,4
1528,A2CP5A30XO5JUO,B009MA34NY,5
2879,A1J3XYI0M1D0LW,B014IBJKNO,4
1267,A36UF843501J4Y,B009MA34NY,5
1899,A3CXL2P49AQQRH,B0092UF54A,5
562,A2QRWCN5YR05G9,B0058YEJ5K,5
3137,A1A8RABZPTD7HL,B0058YEJ5K,3
2734,AT5OQFDS6PEE1,B010RRWKT4,5
3005,A2AXI9WHORKU6X,B014IBJKNO,5
189,A2RZ3T3ECENTMO,B001IKJOLW,5
1806,AZ7LUSY20ZFSC,B0092UF54A,5
975,AVZB7UFLT6VD,B0014F7B98,5
2747,ATS6HOUGOVX0D,B014IBJKNO,5
2047,A22FYN2DKXSWS0,B005AGO4LU,3
2558,A1SR58S4CXKU5G,B010RRWKT4,4
1082,A1ZR8LQHUOUFJP,B0014F7B98,3
474,AK1X6JAJ2L389,B001IKJOLW,5
2904,A3B23RZXRXYT9Q,B014IBJKNO,5
747,A2T47RI1J0I7JM,B0058YEJ5K,5
2300,A3IO5BLF4EPZDR,B005AGO4LU,3
21,A265UZVOZWTTXQ,B000V0IBDM,5
459,AMDBCZOTA9PVG,B001IKJOLW,5
1184,A12LDKOWDBPQTC,B0014F7B98,5
2324,A1SC6HVU28ND3D,B005AGO4LU,5
955,A3JPU96NVWGUF5,B0014F7B98,4
1215,A10RXRZE0TAKPU,B0014F7B98,4
2433,A13JGYKUU10QKH,B010RRWKT4,5
2853,A246RG8KSPK5XS,B014IBJKNO,5
1515,ACDIEMICS7XGC,B009MA34NY,5
2391,A1OWUKMLTHKYG,B010RRWKT4,5
769,A199ICSPL9EXJ5,B0058YEJ5K,1
1685,AKZNLII88A0KO,B0092UF54A,5
130,ABX2R8Q6GBTJ8,B000YFSR4W,2
2919,A3J4XAGMLTHFHZ,B014IBJKNO,3
2135,A3T9CL6JYWAP40,B005AGO4LU,1
1482,A3BZKR332FQEP8,B009MA34NY,5
330,AASAT3YLO3WTB,B001IKJOLW,5
1238,A12AWD9L3DD93E,B009MA34NY,5
466,A12LDKOWDBPQTC,B001IKJOLW,5
2169,AT72GRKOXVE25,B005AGO4LU,5
1638,AJ74ZOS1UKOBA,B0092UF54A,5
3092,AIO1XEP0AIDQJ,B014IBJKNO,5
1095,ABKS5CX4GI72B,B0014F7B98,5
1130,A2JMHGCCBZPYP4,B0014F7B98,5
1294,AC5PPX3XLCZN1,B009MA34NY,5
860,A10RXRZE0TAKPU,B0058YEJ5K,4
3174,A311XHHLM12MUT,B005AGO4LU,5
